normalized_table_name,layer,sources,pages,subsections,occurrences
ad.ad_contract_daily_income,,indicator_records;source_sql_records;warehouse_table_records,3.营业收入;4.营业收入-广告,3.3数据溯源;4.1指标清单,6
ad_contract_daily_income,,indicator_records,3.营业收入,3.1指标清单,4
ad_single_user_roi_brand_income,,indicator_records;source_sql_records;warehouse_table_records,3.营业收入,3.1指标清单;3.3数据溯源,4
ad_xsy_crm.ad_xsy_crm_account,,indicator_records;source_sql_records;warehouse_table_records,1.首页,1.1指标清单;1.3数据溯源,10
ad_xsy_crm.ad_xsy_crm_contact,,indicator_records;source_sql_records;warehouse_table_records,1.首页,1.1指标清单;1.3数据溯源,10
ad_xsy_crm.ad_xsy_crm_custom_entity1,,indicator_records;source_sql_records;warehouse_table_records,1.首页,1.1指标清单;1.3数据溯源,10
ad_xsy_crm.ad_xsy_crm_custom_entity3,,indicator_records;source_sql_records;warehouse_table_records,1.首页,1.1指标清单;1.3数据溯源,10
ad_xsy_crm.ad_xsy_crm_custom_entity4,,indicator_records;source_sql_records;warehouse_table_records,1.首页,1.1指标清单;1.3数据溯源,10
ad_xsy_crm.ad_xsy_crm_department,,indicator_records;source_sql_records;warehouse_table_records,1.首页,1.1指标清单;1.3数据溯源,10
ad_xsy_crm.ad_xsy_crm_entity_type,,indicator_records;source_sql_records;warehouse_table_records,1.首页,1.1指标清单;1.3数据溯源,10
ad_xsy_crm.ad_xsy_crm_field_enum,,indicator_records;source_sql_records;warehouse_table_records,1.首页,1.1指标清单;1.3数据溯源,10
ad_xsy_crm.ad_xsy_crm_opportunity,,indicator_records;source_sql_records;warehouse_table_records,1.首页,1.1指标清单;1.3数据溯源,10
ad_xsy_crm.ad_xsy_crm_stage,,indicator_records;source_sql_records;warehouse_table_records,1.首页,1.1指标清单;1.3数据溯源,10
ad_xsy_crm.ad_xsy_crm_user,,indicator_records;source_sql_records;warehouse_table_records,1.首页,1.1指标清单;1.3数据溯源,10
baidu_search_index,,indicator_records;source_sql_records;warehouse_table_records,1.首页,1.1指标清单;1.3数据溯源,3
bidm.viz_dm_hs_pl_voucher_dtl,,indicator_records,3.营业收入,3.1指标清单,1
da_moji.nyt_vip_entrance_funnel_1d,,indicator_records;source_sql_records;warehouse_table_records,5.营业收入-会员,5.1指标清单;5.3数据溯源,8
dm.dm_user_ltv_clv_i_d,,indicator_records;source_sql_records;warehouse_table_records,11.CLV;12.CLV-国内,11.1指标清单;11.3数据溯源;12.1指标清单;12.3数据溯源,54
dm.dm_user_member_type_i_d,,indicator_records,5.营业收入-会员,5.1指标清单,6
hscs_hspm.hspm_party_merchant,,indicator_records,3.营业收入,3.1指标清单,3
iscs_hsbm.hsar_settle_order_lines,,indicator_records;source_sql_records;warehouse_table_records,3.营业收入,3.1指标清单;3.3数据溯源,5
iscs_hsbm.hsar_settle_orders,,indicator_records;source_sql_records;warehouse_table_records,3.营业收入;4.营业收入-广告,3.1指标清单;3.3数据溯源;4.1指标清单,9
mojicom.ad_advertiser_req_fill_data,,indicator_records;source_sql_records;warehouse_table_records,4.营业收入-广告,4.1指标清单;4.3数据溯源,14
mojicom.ad_feed_inventory_dat,,source_sql_records;warehouse_table_records,4.营业收入-广告,4.3数据溯源,2
mojicom.adclick_adid_data,,source_sql_records;warehouse_table_records,4.营业收入-广告,4.3数据溯源,2
ods.ods_ad_positions,,indicator_records;source_sql_records;warehouse_table_records,4.营业收入-广告,4.1指标清单;4.3数据溯源,14
ods.ods_hd_member_delivery_channel,,indicator_records,5.营业收入-会员,5.1指标清单,6
ods_channel_consumption_hand_copy_report_d,,indicator_records;source_sql_records;warehouse_table_records,1.首页,1.1指标清单;1.3数据溯源,3
app_ad_achievement_status_a_d,APP,warehouse_table_records,3.营业收入;4.营业收入-广告,3.5 FineDataLink数仓;4.5 FineDataLink数仓,2
app_ad_achievement_status_a_m,APP,warehouse_table_records,3.营业收入;4.营业收入-广告,3.5 FineDataLink数仓;4.5 FineDataLink数仓,2
app_ad_d_revenue_a_d,APP,warehouse_table_records,4.营业收入-广告,4.5 FineDataLink数仓,1
app_ad_d_revenue_a_m,APP,warehouse_table_records,4.营业收入-广告,4.5 FineDataLink数仓,1
app_ad_evenue_completion_a_d,APP,warehouse_table_records,4.营业收入-广告,4.5 FineDataLink数仓,1
app_ad_impressions_a_d,APP,warehouse_table_records,4.营业收入-广告,4.5 FineDataLink数仓,1
app_ad_impressions_a_m,APP,warehouse_table_records,4.营业收入-广告,4.5 FineDataLink数仓,1
app_ad_inter_ad_a_d,APP,warehouse_table_records,6.营业收入-国际化广告;8.净利润,6.5 FineDataLink数仓;8.5 FineDataLink数仓,2
app_ad_inter_ad_m_d,APP,warehouse_table_records,6.营业收入-国际化广告,6.5 FineDataLink数仓,1
app_ad_operating_revenue_a_d,APP,warehouse_table_records,3.营业收入,3.5 FineDataLink数仓,1
app_ad_operating_revenue_a_m,APP,warehouse_table_records,3.营业收入,3.5 FineDataLink数仓,1
app_ad_revenue_a_d,APP,warehouse_table_records,4.营业收入-广告,4.5 FineDataLink数仓,1
app_ad_revenue_a_m,APP,warehouse_table_records,4.营业收入-广告,4.5 FineDataLink数仓,1
app_ad_target_revenue_a_m,APP,warehouse_table_records,3.营业收入,3.5 FineDataLink数仓,1
app_channel_new_retain_a_d,APP,warehouse_table_records,11.CLV;12.CLV-国内,11.5 FineDataLink数仓;12.5 FineDataLink数仓,2
app_crm_custom_entity_a_d,APP,warehouse_table_records,1.首页,1.5 FineDataLink数仓,1
app_dome_platform_daucnt_a_d,APP,warehouse_table_records,11.CLV;12.CLV-国内,11.5 FineDataLink数仓;12.5 FineDataLink数仓,2
app_fin_bank_accounts_a_d,APP,warehouse_table_records,2.净现金流,2.5 FineDataLink数仓,1
app_fin_day,APP,ddl_field_records;warehouse_table_records,8.净利润,8.5 FineDataLink数仓,5
app_fin_financing_loan_ledger_a_d,APP,warehouse_table_records,2.净现金流,2.5 FineDataLink数仓,1
app_fin_flow_detail_info_a_d,APP,warehouse_table_records,2.净现金流,2.5 FineDataLink数仓,1
app_fin_investment_finance_ledger_a_d,APP,warehouse_table_records,2.净现金流,2.5 FineDataLink数仓,1
app_fin_pl_detail_his_d,APP,warehouse_table_records,8.净利润,8.5 FineDataLink数仓,1
app_fin_pl_detail_i_d,APP,ddl_field_records;indicator_records;warehouse_table_records,3.营业收入;8.净利润,3.1指标清单;8.5 FineDataLink数仓,18
app_inter_member_home_a_d,APP,warehouse_table_records,1.首页,1.5 FineDataLink数仓,1
app_inter_member_home_a_m,APP,warehouse_table_records,1.首页,1.5 FineDataLink数仓,1
app_manage_the_cockpit_indicator_a_d,APP,warehouse_table_records,1.首页,1.5 FineDataLink数仓,1
app_manage_the_cockpit_indicator_a_m,APP,warehouse_table_records,1.首页,1.5 FineDataLink数仓,1
app_mb_detail_a_d,APP,warehouse_table_records,5.营业收入-会员,5.5 FineDataLink数仓,1
app_mb_detail_m_d,APP,warehouse_table_records,5.营业收入-会员,5.5 FineDataLink数仓,1
app_mb_entrance_a_d,APP,warehouse_table_records,5.营业收入-会员,5.5 FineDataLink数仓,1
app_mb_entrance_m_d,APP,warehouse_table_records,5.营业收入-会员,5.5 FineDataLink数仓,1
app_mb_inter_member_day_a_d,APP,warehouse_table_records,7.营业收入-国际化会员,7.5 FineDataLink数仓,1
app_mb_inter_member_month_a_d,APP,warehouse_table_records,7.营业收入-国际化会员,7.5 FineDataLink数仓,1
app_mb_inter_shorter_funnel_day_a_d,APP,warehouse_table_records,7.营业收入-国际化会员,7.5 FineDataLink数仓,1
app_mb_inter_splash_funnel_day_a_d,APP,warehouse_table_records,7.营业收入-国际化会员,7.5 FineDataLink数仓,1
app_md_all_mau_a_d,APP,warehouse_table_records,14.DAU,14.5 FineDataLink数仓,1
app_md_baidu_day_a_d,APP,warehouse_table_records,1.首页,1.5 FineDataLink数仓,1
app_md_baidu_day_a_m,APP,warehouse_table_records,1.首页,1.5 FineDataLink数仓,1
app_md_dome_ave_dau_a_d,APP,warehouse_table_records,14.DAU,14.5 FineDataLink数仓,1
app_md_dome_ave_dau_ratio_a_d,APP,warehouse_table_records,14.DAU,14.5 FineDataLink数仓,1
app_md_dome_dau_a_d,APP,warehouse_table_records,14.DAU,14.5 FineDataLink数仓,1
app_md_dome_dau_ratio_a_d,APP,warehouse_table_records,14.DAU,14.5 FineDataLink数仓,1
app_md_dome_mau_a_d,APP,warehouse_table_records,14.DAU,14.5 FineDataLink数仓,1
app_md_dome_new_ratio_a_d,APP,warehouse_table_records,14.DAU,14.5 FineDataLink数仓,1
app_md_inter_ave_dau_a_d,APP,warehouse_table_records,14.DAU,14.5 FineDataLink数仓,1
app_md_inter_ave_dau_ratio_a_d,APP,warehouse_table_records,14.DAU,14.5 FineDataLink数仓,1
app_md_inter_dau_a_d,APP,warehouse_table_records,14.DAU,14.5 FineDataLink数仓,1
app_md_inter_dau_ratio_a_d,APP,warehouse_table_records,14.DAU,14.5 FineDataLink数仓,1
app_md_inter_mau_a_d,APP,warehouse_table_records,14.DAU,14.5 FineDataLink数仓,1
app_md_warning_a_d,APP,warehouse_table_records,14.DAU,14.5 FineDataLink数仓,1
app_mk_dome_feadback_wac_day_a_d,APP,warehouse_table_records,10.负反馈率,10.5 FineDataLink数仓,1
app_mk_dome_feedback_day_a_d,APP,warehouse_table_records,10.负反馈率,10.5 FineDataLink数仓,1
app_mk_dome_feedback_month_a_d,APP,warehouse_table_records,10.负反馈率,10.5 FineDataLink数仓,1
app_mk_dome_feedback_wac_month_a_d,APP,warehouse_table_records,10.负反馈率,10.5 FineDataLink数仓,1
app_mk_inter_feedback_day_a_d,APP,warehouse_table_records,10.负反馈率,10.5 FineDataLink数仓,1
app_mk_inter_feedback_month_a_d,APP,warehouse_table_records,10.负反馈率,10.5 FineDataLink数仓,1
app_mk_inter_feedback_wac_day_a_d,APP,warehouse_table_records,10.负反馈率,10.5 FineDataLink数仓,1
app_mk_inter_feedback_wac_month_a_d,APP,warehouse_table_records,10.负反馈率,10.5 FineDataLink数仓,1
app_overall_new_retention_a_d,APP,warehouse_table_records,1.首页,1.5 FineDataLink数仓,1
app_overall_new_retention_a_m,APP,warehouse_table_records,1.首页,1.5 FineDataLink数仓,1
app_penetration_rate_a_d,APP,warehouse_table_records,1.首页,1.5 FineDataLink数仓,1
app_six_channel_arpu_a_m,APP,warehouse_table_records,11.CLV;12.CLV-国内,11.5 FineDataLink数仓;12.5 FineDataLink数仓,2
app_sm_clv_a_d,APP,warehouse_table_records,11.CLV;12.CLV-国内,11.5 FineDataLink数仓;12.5 FineDataLink数仓,2
app_sm_clv_a_m,APP,warehouse_table_records,11.CLV;12.CLV-国内,11.5 FineDataLink数仓;12.5 FineDataLink数仓,2
app_sm_clv_user_type_a_d,APP,warehouse_table_records,11.CLV;12.CLV-国内;13.CLV-国际,11.5 FineDataLink数仓;12.5 FineDataLink数仓;13.5 FineDataLink数仓,3
app_sm_clv_user_type_a_m,APP,warehouse_table_records,11.CLV;12.CLV-国内;13.CLV-国际,11.5 FineDataLink数仓;12.5 FineDataLink数仓;13.5 FineDataLink数仓,3
app_sm_dome_clv_a_d,APP,warehouse_table_records,11.CLV;12.CLV-国内,11.5 FineDataLink数仓;12.5 FineDataLink数仓,2
app_sm_dome_clv_a_m,APP,warehouse_table_records,11.CLV;12.CLV-国内,11.5 FineDataLink数仓;12.5 FineDataLink数仓,2
app_sm_inter_clv_a_d,APP,warehouse_table_records,11.CLV;13.CLV-国际,11.5 FineDataLink数仓;13.5 FineDataLink数仓,2
app_sm_inter_clv_a_m,APP,warehouse_table_records,11.CLV;13.CLV-国际,11.5 FineDataLink数仓;13.5 FineDataLink数仓,2
app_sm_inter_new_retention_a_d,APP,warehouse_table_records,11.CLV;13.CLV-国际,11.5 FineDataLink数仓;13.5 FineDataLink数仓,2
app_sm_inter_new_retention_a_m,APP,warehouse_table_records,11.CLV;13.CLV-国际,11.5 FineDataLink数仓;13.5 FineDataLink数仓,2
app_sm_user_assets_clv_a_d,APP,warehouse_table_records,11.CLV;12.CLV-国内,11.5 FineDataLink数仓;12.5 FineDataLink数仓,2
app_sm_user_assets_clv_a_m,APP,warehouse_table_records,11.CLV;12.CLV-国内,11.5 FineDataLink数仓;12.5 FineDataLink数仓,2
app_tob_funnel_a_d,APP,warehouse_table_records,1.首页;17.业务总览-TOB,1.5 FineDataLink数仓;17.5 FineDataLink数仓,2
app_tob_revenuetop_a_d,APP,warehouse_table_records,1.首页;17.业务总览-TOB,1.5 FineDataLink数仓;17.5 FineDataLink数仓,2
app_tob_revenuetype_a_d,APP,warehouse_table_records,1.首页;17.业务总览-TOB,1.5 FineDataLink数仓;17.5 FineDataLink数仓,2
app_user_share_a_d,APP,warehouse_table_records,1.首页,1.5 FineDataLink数仓,1
app_user_share_a_m,APP,warehouse_table_records,1.首页,1.5 FineDataLink数仓,1
dim.dim_app_pid_info,DIM,indicator_records;source_sql_records;warehouse_table_records,11.CLV;12.CLV-国内,11.1指标清单;11.3数据溯源;12.1指标清单;12.3数据溯源,54
dim.dim_country_info,DIM,indicator_records;source_sql_records;warehouse_table_records,11.CLV;13.CLV-国际,11.1指标清单;11.3数据溯源;13.1指标清单,62
dim_beta_uid_a,DIM,indicator_records,7.营业收入-国际化会员,7.1指标清单,19
dim_country_info,DIM,indicator_records,7.营业收入-国际化会员,7.1指标清单,19
dw.dw_flow_app_pkg_1d_d,DW,indicator_records,5.营业收入-会员,5.1指标清单,6
dw.dw_flow_app_pkg_cm_m,DW,indicator_records;source_sql_records;warehouse_table_records,14.DAU,14.1指标清单;14.3数据溯源,13
dw.dw_user_member_detail_a_d,DW,indicator_records,5.营业收入-会员,5.1指标清单,9
dw_user_member_detail_a_d,DW,source_sql_records;warehouse_table_records,5.营业收入-会员,5.3数据溯源,2
idm.idm_ad_homepage_vst_i_d,IDM,indicator_records;source_sql_records;warehouse_table_records,6.营业收入-国际化广告,6.1指标清单;6.3数据溯源,10
idm.idm_user_register_a_d,IDM,indicator_records;source_sql_records;warehouse_table_records,6.营业收入-国际化广告,6.1指标清单;6.3数据溯源,10
idm_ad_basic_info,IDM,warehouse_table_records,8.净利润,8.5 FineDataLink数仓,1
idm_ad_brand_commerce_a_d,IDM,warehouse_table_records,3.营业收入,3.5 FineDataLink数仓,1
idm_ad_caiwu_a_d,IDM,warehouse_table_records,4.营业收入-广告,4.5 FineDataLink数仓,1
idm_ad_dau_a_d,IDM,warehouse_table_records,6.营业收入-国际化广告,6.5 FineDataLink数仓,1
idm_ad_dome_member_transaction_a_d,IDM,warehouse_table_records,3.营业收入,3.5 FineDataLink数仓,1
idm_ad_inter_ad_a_d,IDM,warehouse_table_records,6.营业收入-国际化广告,6.5 FineDataLink数仓,1
idm_ad_inter_income_a_d,IDM,warehouse_table_records,3.营业收入,3.5 FineDataLink数仓,1
idm_ad_lianlu_a_d,IDM,warehouse_table_records,4.营业收入-广告,4.5 FineDataLink数仓,1
idm_ad_price_after_tax_a_d,IDM,warehouse_table_records,3.营业收入,3.5 FineDataLink数仓,1
idm_ad_revenue_a_d,IDM,warehouse_table_records,4.营业收入-广告,4.5 FineDataLink数仓,1
idm_ad_stock_a_d,IDM,warehouse_table_records,6.营业收入-国际化广告,6.5 FineDataLink数仓,1
idm_ad_tob_income_a_d,IDM,warehouse_table_records,3.营业收入,3.5 FineDataLink数仓,1
idm_clv_indicator_a_d,IDM,warehouse_table_records,1.首页,1.5 FineDataLink数仓,1
idm_clv_indicator_a_m,IDM,warehouse_table_records,1.首页,1.5 FineDataLink数仓,1
idm_crm_custom_entity_a_d,IDM,warehouse_table_records,1.首页,1.5 FineDataLink数仓,1
idm_crm_custom_module_a_d,IDM,warehouse_table_records,1.首页,1.5 FineDataLink数仓,1
idm_dome_mau_a_d,IDM,warehouse_table_records,14.DAU,14.5 FineDataLink数仓,1
idm_fin_account_mapping,IDM,ddl_field_records;warehouse_table_records,8.净利润,8.5 FineDataLink数仓,6
idm_fin_bank_accounts_a_d,IDM,ddl_field_records;warehouse_table_records,2.净现金流,2.5 FineDataLink数仓,10
idm_fin_contract_daily_income_a_d,IDM,warehouse_table_records,8.净利润,8.5 FineDataLink数仓,1
idm_fin_effect_position_detail_a_d,IDM,warehouse_table_records,8.净利润,8.5 FineDataLink数仓,1
idm_fin_effect_summary_a_d,IDM,warehouse_table_records,8.净利润,8.5 FineDataLink数仓,1
idm_fin_inter_a_d,IDM,ddl_field_records;indicator_records;warehouse_table_records,3.营业收入;8.净利润,3.1指标清单;8.5 FineDataLink数仓,12
idm_fin_inter_ad_revenue_a_d,IDM,warehouse_table_records,8.净利润,8.5 FineDataLink数仓,1
idm_fin_inter_member_a_d,IDM,warehouse_table_records,8.净利润,8.5 FineDataLink数仓,1
idm_fin_mapping,IDM,ddl_field_records;warehouse_table_records,2.净现金流,2.5 FineDataLink数仓,4
idm_fin_member_mapping,IDM,ddl_field_records;warehouse_table_records,8.净利润,8.5 FineDataLink数仓,4
idm_fin_member_revenue_i_d,IDM,ddl_field_records;warehouse_table_records,8.净利润,8.5 FineDataLink数仓,5
idm_fin_member_transaction,IDM,warehouse_table_records,8.净利润,8.5 FineDataLink数仓,1
idm_fin_promotion_a_d,IDM,warehouse_table_records,8.净利润,8.5 FineDataLink数仓,2
idm_geo_market_info,IDM,warehouse_table_records,15.业务总览-国际化,15.3 FineDataLink数仓,1
idm_inter_ad_revenue_a_d,IDM,warehouse_table_records,6.营业收入-国际化广告,6.5 FineDataLink数仓,1
idm_mb_detail_a_d,IDM,warehouse_table_records,5.营业收入-会员,5.5 FineDataLink数仓,1
idm_mb_detail_m_d,IDM,warehouse_table_records,5.营业收入-会员,5.5 FineDataLink数仓,1
idm_mb_inter_member_a_d,IDM,warehouse_table_records,7.营业收入-国际化会员,7.5 FineDataLink数仓,1
idm_mb_inter_shorter_funnel_a_d,IDM,warehouse_table_records,7.营业收入-国际化会员,7.5 FineDataLink数仓,1
idm_mb_inter_splash_funnel_a_d,IDM,warehouse_table_records,7.营业收入-国际化会员,7.5 FineDataLink数仓,1
idm_md_dome_dau_a_d,IDM,warehouse_table_records,14.DAU,14.5 FineDataLink数仓,1
idm_md_inter_dau_a_d,IDM,warehouse_table_records,14.DAU,14.5 FineDataLink数仓,1
idm_md_inter_mau_a_d,IDM,warehouse_table_records,14.DAU,14.5 FineDataLink数仓,1
idm_mk_feedback_a_d,IDM,warehouse_table_records,10.负反馈率,10.5 FineDataLink数仓,1
idm_mk_inter_feedback_details,IDM,warehouse_table_records,10.负反馈率,10.5 FineDataLink数仓,1
idm_mk_inter_three_ends,IDM,warehouse_table_records,10.负反馈率,10.5 FineDataLink数仓,1
idm_mk_umeng_new_active_a_d,IDM,warehouse_table_records,10.负反馈率,10.5 FineDataLink数仓,1
idm_mk_zyx_feedback_tag_data_monitor_a_d,IDM,warehouse_table_records,10.负反馈率,10.5 FineDataLink数仓,1
idm_overall_new_retention_a_d,IDM,warehouse_table_records,1.首页,1.5 FineDataLink数仓,1
idm_sm_dome_clv_a_d,IDM,warehouse_table_records,11.CLV;12.CLV-国内,11.5 FineDataLink数仓;12.5 FineDataLink数仓,2
idm_sm_inter_clv_a_d,IDM,warehouse_table_records,11.CLV;13.CLV-国际,11.5 FineDataLink数仓;13.5 FineDataLink数仓,2
idm_sm_inter_clv_a_m,IDM,warehouse_table_records,11.CLV;13.CLV-国际,11.5 FineDataLink数仓;13.5 FineDataLink数仓,2
idm_sm_inter_clv_rate_a_d,IDM,warehouse_table_records,11.CLV;13.CLV-国际,11.5 FineDataLink数仓;13.5 FineDataLink数仓,2
idm_sm_inter_new_con_a_d,IDM,warehouse_table_records,11.CLV;13.CLV-国际,11.5 FineDataLink数仓;13.5 FineDataLink数仓,2
idm_tob_funnel_a_d,IDM,warehouse_table_records,1.首页;17.业务总览-TOB,1.5 FineDataLink数仓;17.5 FineDataLink数仓,2
idm_tob_order_signing_sheet,IDM,indicator_records;warehouse_table_records,17.业务总览-TOB;3.营业收入,17.5 FineDataLink数仓;3.1指标清单,2
idm_umeng_unit_price_a_d,IDM,warehouse_table_records,1.首页,1.5 FineDataLink数仓,1
idm_umeng_unit_price_a_m,IDM,warehouse_table_records,1.首页,1.5 FineDataLink数仓,1
idm_user_mbr_ord_a_d,IDM,warehouse_table_records,8.净利润,8.5 FineDataLink数仓,1
idm_user_register_a_d,IDM,indicator_records;source_sql_records;warehouse_table_records,7.营业收入-国际化会员,7.1指标清单;7.3数据溯源,21
odm.odm_ad_mediation_report_i_d,ODM,indicator_records;source_sql_records;warehouse_table_records,6.营业收入-国际化广告,6.1指标清单;6.3数据溯源,10
odm_ad_advertising_revenue_a_d,ODM,warehouse_table_records,3.营业收入;4.营业收入-广告,3.5 FineDataLink数仓;4.5 FineDataLink数仓,2
odm_ad_contract_daily_income,ODM,warehouse_table_records,8.净利润,8.5 FineDataLink数仓,1
odm_ad_dau_a_d,ODM,warehouse_table_records,6.营业收入-国际化广告,6.5 FineDataLink数仓,1
odm_ad_his_dau_a_d,ODM,warehouse_table_records,6.营业收入-国际化广告,6.5 FineDataLink数仓,1
odm_ad_inter_a_d,ODM,warehouse_table_records,4.营业收入-广告,4.5 FineDataLink数仓,1
odm_ad_inter_funnel_a_d,ODM,warehouse_table_records,4.营业收入-广告,4.5 FineDataLink数仓,1
odm_ad_mediation_report_a_d,ODM,warehouse_table_records,6.营业收入-国际化广告;8.净利润,6.5 FineDataLink数仓;8.5 FineDataLink数仓,2
odm_ad_payment_collection_a_d,ODM,warehouse_table_records,1.首页,1.5 FineDataLink数仓,1
odm_ad_pening_screen_a_d,ODM,warehouse_table_records,4.营业收入-广告,4.5 FineDataLink数仓,1
odm_ad_single_user_roi_brand_income_a_d,ODM,warehouse_table_records,3.营业收入;4.营业收入-广告,3.5 FineDataLink数仓;4.5 FineDataLink数仓,2
odm_ad_stock_a_d,ODM,warehouse_table_records,6.营业收入-国际化广告,6.5 FineDataLink数仓,1
odm_af_country,ODM,warehouse_table_records,11.CLV,11.5 FineDataLink数仓,1
odm_appflyer_master_a_d,ODM,warehouse_table_records,11.CLV;13.CLV-国际,11.5 FineDataLink数仓;13.5 FineDataLink数仓,2
odm_arket_overall_budget_a_d,ODM,indicator_records;warehouse_table_records,1.首页,1.1指标清单;1.5 FineDataLink数仓,6
odm_bury_i_min,ODM,indicator_records;source_sql_records;warehouse_table_records,7.营业收入-国际化会员,7.1指标清单;7.3数据溯源,21
odm_channel_consumption_summary_report_d,ODM,warehouse_table_records,8.净利润,8.5 FineDataLink数仓,1
odm_contract_high_export_moon_data_a_d,ODM,warehouse_table_records,4.营业收入-广告,4.5 FineDataLink数仓,1
odm_country_info_a_d,ODM,warehouse_table_records,11.CLV;13.CLV-国际,11.5 FineDataLink数仓;13.5 FineDataLink数仓,2
odm_cusz_financing_loan_ledger_a_d,ODM,warehouse_table_records,2.净现金流,2.5 FineDataLink数仓,1
odm_cusz_investment_finance_ledger_a_d,ODM,warehouse_table_records,2.净现金流,2.5 FineDataLink数仓,1
odm_fin_domestic_promotion_expenses_a_d,ODM,warehouse_table_records,8.净利润,8.5 FineDataLink数仓,1
odm_fin_exchange_rate,ODM,warehouse_table_records,2.净现金流,2.5 FineDataLink数仓,1
odm_fin_hsar_settle_orders_a_d,ODM,warehouse_table_records,8.净利润,8.5 FineDataLink数仓,1
odm_fin_inter_exchange_rates,ODM,warehouse_table_records,8.净利润,8.5 FineDataLink数仓,1
odm_fin_inter_member_order,ODM,warehouse_table_records,8.净利润,8.5 FineDataLink数仓,1
odm_fin_member_price,ODM,warehouse_table_records,8.净利润,8.5 FineDataLink数仓,1
odm_fin_notes_receivable,ODM,ddl_field_records;warehouse_table_records,2.净现金流,2.5 FineDataLink数仓,5
odm_fin_period_debts_iface,ODM,warehouse_table_records,9.M-ROE,9.5 FineDataLink数仓,1
odm_fin_single_user_roi_brand_income_a_d,ODM,warehouse_table_records,8.净利润,8.5 FineDataLink数仓,1
odm_fin_to_bud_income_itf,ODM,warehouse_table_records,9.M-ROE,9.5 FineDataLink数仓,1
odm_fin_voucher_a_m,ODM,warehouse_table_records,8.净利润,8.5 FineDataLink数仓,1
odm_hd_member_order,ODM,warehouse_table_records,8.净利润,8.5 FineDataLink数仓,1
odm_hsar_settle_orders_m,ODM,warehouse_table_records,3.营业收入,3.5 FineDataLink数仓,1
odm_hsca_flow_detail_info_a_d,ODM,warehouse_table_records,2.净现金流,2.5 FineDataLink数仓,1
odm_hsca_flow_detail_info_his,ODM,ddl_field_records;warehouse_table_records,2.净现金流,2.5 FineDataLink数仓,20
odm_hspm_bank_a_d,ODM,warehouse_table_records,2.净现金流,2.5 FineDataLink数仓,1
odm_hspm_bank_accounts_i_d,ODM,warehouse_table_records,2.净现金流,2.5 FineDataLink数仓,1
odm_inter_country_abbreviation,ODM,indicator_records;warehouse_table_records,7.营业收入-国际化会员,7.1指标清单;7.5 FineDataLink数仓,20
odm_mb_bury_a_d,ODM,warehouse_table_records,7.营业收入-国际化会员,7.5 FineDataLink数仓,1
odm_mb_bury_hour_a_d,ODM,warehouse_table_records,7.营业收入-国际化会员,7.5 FineDataLink数仓,1
odm_mb_detail_a_d,ODM,warehouse_table_records,5.营业收入-会员,5.5 FineDataLink数仓,1
odm_mb_detail_m_d,ODM,warehouse_table_records,5.营业收入-会员,5.5 FineDataLink数仓,1
odm_mb_dollar_rate_a_d,ODM,warehouse_table_records,7.营业收入-国际化会员,7.5 FineDataLink数仓,2
odm_mb_ent_a_d,ODM,warehouse_table_records,5.营业收入-会员,5.5 FineDataLink数仓,1
odm_mb_intapp_vip_funnel_onboarding_a_d,ODM,warehouse_table_records,7.营业收入-国际化会员,7.5 FineDataLink数仓,1
odm_mb_inter_country_abbreviation,ODM,warehouse_table_records,7.营业收入-国际化会员,7.5 FineDataLink数仓,1
odm_mb_inter_dau_country_a_d,ODM,warehouse_table_records,7.营业收入-国际化会员,7.5 FineDataLink数仓,1
odm_mb_inter_member_exchange_rate,ODM,warehouse_table_records,7.营业收入-国际化会员,7.5 FineDataLink数仓,1
odm_mb_inter_member_order,ODM,warehouse_table_records,7.营业收入-国际化会员,7.5 FineDataLink数仓,1
odm_mb_inter_member_price,ODM,warehouse_table_records,7.营业收入-国际化会员,7.5 FineDataLink数仓,1
odm_mb_stg_google_order_a_d,ODM,warehouse_table_records,7.营业收入-国际化会员,7.5 FineDataLink数仓,1
odm_mb_user_register_a_d,ODM,warehouse_table_records,7.营业收入-国际化会员,7.5 FineDataLink数仓,1
odm_md_dome_android_ios_dau_a_d,ODM,warehouse_table_records,14.DAU,14.5 FineDataLink数仓,1
odm_md_dome_dau_ratio_a_d,ODM,warehouse_table_records,14.DAU,14.5 FineDataLink数仓,1
odm_md_dome_mau_a_d,ODM,warehouse_table_records,14.DAU,14.5 FineDataLink数仓,1
odm_md_dome_new_ratio_a_d,ODM,warehouse_table_records,14.DAU,14.5 FineDataLink数仓,1
odm_md_inter_dau_a_d,ODM,warehouse_table_records,14.DAU,14.5 FineDataLink数仓,1
odm_md_inter_dau_ratio_a_d,ODM,warehouse_table_records,14.DAU,14.5 FineDataLink数仓,1
odm_md_inter_mau_a_d,ODM,warehouse_table_records,14.DAU,14.5 FineDataLink数仓,1
odm_md_inter_number_iaunches_a_d,ODM,warehouse_table_records,14.DAU,14.5 FineDataLink数仓,1
odm_md_rpt_app_basic_a_d,ODM,warehouse_table_records,14.DAU,14.5 FineDataLink数仓,1
odm_mk_advertisement_a_d,ODM,warehouse_table_records,10.负反馈率,10.5 FineDataLink数仓,2
odm_mk_fine_bi_inter_three_ends,ODM,warehouse_table_records,10.负反馈率,10.5 FineDataLink数仓,1
odm_mk_hive_da_moji_feedback_a_d,ODM,warehouse_table_records,10.负反馈率,10.5 FineDataLink数仓,1
odm_mk_inter_feedback_details,ODM,warehouse_table_records,10.负反馈率,10.5 FineDataLink数仓,1
odm_mk_inter_three_ends,ODM,indicator_records;warehouse_table_records,10.负反馈率,10.1指标清单;10.5 FineDataLink数仓,10
odm_mk_meteorology_a_d,ODM,warehouse_table_records,10.负反馈率,10.5 FineDataLink数仓,1
odm_mk_pid_info_a_d,ODM,warehouse_table_records,8.净利润,8.5 FineDataLink数仓,1
odm_mk_stg_appflyer_master_agg_active_a_d,ODM,warehouse_table_records,10.负反馈率,10.5 FineDataLink数仓,1
odm_mk_stg_appflyer_master_agg_retention_a_d,ODM,warehouse_table_records,10.负反馈率,10.5 FineDataLink数仓,1
odm_mk_tblu_umeng_new_active_a_d,ODM,warehouse_table_records,10.负反馈率,10.5 FineDataLink数仓,1
odm_mk_umeng_all_a_d,ODM,warehouse_table_records,8.净利润,8.5 FineDataLink数仓,1
odm_mk_umeng_pid_a_d,ODM,warehouse_table_records,8.净利润,8.5 FineDataLink数仓,1
odm_mk_umeng_pid_ratio_a_d,ODM,warehouse_table_records,8.净利润,8.5 FineDataLink数仓,1
odm_mk_umeng_ratio_a_d,ODM,warehouse_table_records,8.净利润,8.5 FineDataLink数仓,1
odm_mk_zyx_feedback_tag_data_monitor_a_d,ODM,warehouse_table_records,10.负反馈率,10.5 FineDataLink数仓,1
odm_overall_new_retention_a_d,ODM,warehouse_table_records,1.首页,1.5 FineDataLink数仓,1
odm_sm_abnormal_data_a_d,ODM,warehouse_table_records,11.CLV,11.5 FineDataLink数仓,1
odm_sm_app_pid_info_a_d,ODM,warehouse_table_records,11.CLV;12.CLV-国内,11.5 FineDataLink数仓;12.5 FineDataLink数仓,2
odm_sm_dome_clv_a_d,ODM,warehouse_table_records,11.CLV;12.CLV-国内,11.5 FineDataLink数仓;12.5 FineDataLink数仓,2
odm_sm_inter_user_clv_a_d,ODM,warehouse_table_records,11.CLV;13.CLV-国际,11.5 FineDataLink数仓;13.5 FineDataLink数仓,2
odm_sm_three_ends_etention_a_d,ODM,warehouse_table_records,11.CLV,11.5 FineDataLink数仓,1
odm_stg_appflyer_master_agg_retention_a_d,ODM,warehouse_table_records,8.净利润,8.5 FineDataLink数仓,1
odm_tob_contract_a_d,ODM,warehouse_table_records,1.首页;17.业务总览-TOB,1.5 FineDataLink数仓;17.5 FineDataLink数仓,2
odm_tob_opportunity_a_d,ODM,warehouse_table_records,1.首页;17.业务总览-TOB,1.5 FineDataLink数仓;17.5 FineDataLink数仓,2
odm_tob_order_goal_a_d,ODM,indicator_records;warehouse_table_records,1.首页;17.业务总览-TOB,1.1指标清单;1.5 FineDataLink数仓;17.5 FineDataLink数仓,3
odm_tob_order_signing_sheet,ODM,warehouse_table_records,1.首页;17.业务总览-TOB,1.5 FineDataLink数仓;17.5 FineDataLink数仓,2
odm_umeng_all_threeends,ODM,source_sql_records;warehouse_table_records,4.营业收入-广告,4.3数据溯源;4.5 FineDataLink数仓,3
odm_umeng_unit_price_a_d,ODM,warehouse_table_records,1.首页,1.5 FineDataLink数仓,1
odm_user_mbr_ord_d,ODM,warehouse_table_records,8.净利润,8.5 FineDataLink数仓,1
odm_user_register_traffic_a_d,ODM,warehouse_table_records,11.CLV;12.CLV-国内,11.5 FineDataLink数仓;12.5 FineDataLink数仓,2
rpt.rpt_app_aty_basic_1d_d,RPT,indicator_records;source_sql_records;warehouse_table_records,14.DAU,14.1指标清单;14.3数据溯源,13
rpt.rpt_app_aty_retain_1d_d,RPT,indicator_records;source_sql_records;warehouse_table_records,14.DAU,14.1指标清单;14.3数据溯源,13
rpt.rpt_app_basic_1d_d,RPT,indicator_records;source_sql_records;warehouse_table_records,14.DAU,14.1指标清单;14.3数据溯源,13
rpt.rpt_brand_year_data_day,RPT,source_sql_records;warehouse_table_records,4.营业收入-广告,4.3数据溯源,2
rpt.rpt_splash_stock_data,RPT,source_sql_records;warehouse_table_records,4.营业收入-广告,4.3数据溯源,2
rpt_feed_ad_word_cloud,RPT,source_sql_records;warehouse_table_records,10.负反馈率,10.3数据溯源,2
rpt_splash_stock_data,RPT,indicator_records,4.营业收入-广告,4.1指标清单,12
sdm.sdm_ad_homepage_vst_i_d,SDM,indicator_records;source_sql_records;warehouse_table_records,6.营业收入-国际化广告,6.1指标清单;6.3数据溯源,10
sdm.sdm_ad_stock_1d_d,SDM,indicator_records;source_sql_records;warehouse_table_records,6.营业收入-国际化广告,6.1指标清单;6.3数据溯源,10
sdm.sdm_app_act_1d_d,SDM,indicator_records;source_sql_records;warehouse_table_records,14.DAU,14.1指标清单;14.3数据溯源,13
sdm.sdm_app_act_1m_m,SDM,indicator_records;source_sql_records;warehouse_table_records,14.DAU,14.1指标清单;14.3数据溯源,13
sdm.sdm_app_aty_retain_1d_d,SDM,indicator_records;source_sql_records;warehouse_table_records,14.DAU,14.1指标清单;14.3数据溯源,13
sdm_ad_d_revenue_a_d,SDM,warehouse_table_records,4.营业收入-广告,4.5 FineDataLink数仓,1
sdm_ad_d_revenue_a_m,SDM,warehouse_table_records,4.营业收入-广告,4.5 FineDataLink数仓,1
sdm_ad_inter_ad_a_d,SDM,warehouse_table_records,6.营业收入-国际化广告,6.5 FineDataLink数仓,1
sdm_ad_inter_ad_m_d,SDM,warehouse_table_records,6.营业收入-国际化广告,6.5 FineDataLink数仓,1
sdm_ad_operating_revenue_a_d,SDM,warehouse_table_records,3.营业收入,3.5 FineDataLink数仓,1
sdm_ad_operating_revenue_a_m,SDM,warehouse_table_records,3.营业收入,3.5 FineDataLink数仓,1
sdm_ad_revenue_a_d,SDM,warehouse_table_records,4.营业收入-广告,4.5 FineDataLink数仓,1
sdm_ad_revenue_a_m,SDM,warehouse_table_records,4.营业收入-广告,4.5 FineDataLink数仓,1
sdm_app_act_1d_d,SDM,indicator_records;source_sql_records;warehouse_table_records,7.营业收入-国际化会员,7.1指标清单;7.3数据溯源,21
sdm_cash_flow_a_d,SDM,warehouse_table_records,1.首页,1.5 FineDataLink数仓,1
sdm_cash_flow_a_m,SDM,warehouse_table_records,1.首页,1.5 FineDataLink数仓,1
sdm_clv_indicator_a_d,SDM,warehouse_table_records,1.首页,1.5 FineDataLink数仓,1
sdm_clv_indicator_a_m,SDM,warehouse_table_records,1.首页,1.5 FineDataLink数仓,1
sdm_fin_bank_accounts_a_d,SDM,warehouse_table_records,2.净现金流,2.5 FineDataLink数仓,1
sdm_fin_bank_accounts_his,SDM,warehouse_table_records,2.净现金流,2.5 FineDataLink数仓,1
sdm_fin_customer_daily_a_d,SDM,warehouse_table_records,8.净利润,8.5 FineDataLink数仓,1
sdm_fin_financing_loan_ledger_a_d,SDM,warehouse_table_records,2.净现金流,2.5 FineDataLink数仓,1
sdm_fin_flow_detail_info_a_d,SDM,warehouse_table_records,2.净现金流,2.5 FineDataLink数仓,1
sdm_fin_flow_detail_info_his,SDM,warehouse_table_records,2.净现金流,2.5 FineDataLink数仓,1
sdm_fin_investment_finance_ledger_a_d,SDM,warehouse_table_records,2.净现金流,2.5 FineDataLink数仓,1
sdm_fin_pl_actual,SDM,warehouse_table_records,8.净利润,8.5 FineDataLink数仓,1
sdm_fin_pl_detail_a_d,SDM,warehouse_table_records,8.净利润,8.5 FineDataLink数仓,1
sdm_fin_pl_detail_i_d,SDM,warehouse_table_records,8.净利润,8.5 FineDataLink数仓,1
sdm_mb_detail_a_d,SDM,warehouse_table_records,5.营业收入-会员,5.5 FineDataLink数仓,1
sdm_mb_detail_m_d,SDM,warehouse_table_records,5.营业收入-会员,5.5 FineDataLink数仓,1
sdm_mb_entrance_a_d,SDM,warehouse_table_records,5.营业收入-会员,5.5 FineDataLink数仓,1
sdm_mb_entrance_m_d,SDM,warehouse_table_records,5.营业收入-会员,5.5 FineDataLink数仓,1
sdm_mb_inter_member_day_a_d,SDM,warehouse_table_records,7.营业收入-国际化会员;8.净利润,7.5 FineDataLink数仓;8.5 FineDataLink数仓,2
sdm_mb_inter_shorter_funnel_a_d,SDM,warehouse_table_records,7.营业收入-国际化会员,7.5 FineDataLink数仓,1
sdm_mb_inter_splash_funnel_a_d,SDM,warehouse_table_records,7.营业收入-国际化会员,7.5 FineDataLink数仓,1
sdm_md_dome_ave_dau_a_d,SDM,warehouse_table_records,14.DAU,14.5 FineDataLink数仓,1
sdm_md_dome_ave_dau_ratio_a_d,SDM,warehouse_table_records,14.DAU,14.5 FineDataLink数仓,1
sdm_md_dome_dau_a_d,SDM,warehouse_table_records,14.DAU,14.5 FineDataLink数仓,1
sdm_md_dome_dau_ratio_a_d,SDM,warehouse_table_records,14.DAU,14.5 FineDataLink数仓,1
sdm_md_dome_mau_a_d,SDM,warehouse_table_records,14.DAU,14.5 FineDataLink数仓,1
sdm_md_inter_ave_dau_a_d,SDM,warehouse_table_records,14.DAU,14.5 FineDataLink数仓,1
sdm_md_inter_ave_dau_ratio_a_d,SDM,warehouse_table_records,14.DAU,14.5 FineDataLink数仓,1
sdm_md_inter_dau_a_d,SDM,warehouse_table_records,14.DAU,14.5 FineDataLink数仓,1
sdm_md_inter_dau_ratio_a_d,SDM,warehouse_table_records,14.DAU,14.5 FineDataLink数仓,1
sdm_md_inter_mau_a_d,SDM,warehouse_table_records,14.DAU,14.5 FineDataLink数仓,1
sdm_mk_dome_feadback_wac_day_a_d,SDM,warehouse_table_records,10.负反馈率,10.5 FineDataLink数仓,1
sdm_mk_dome_feedback_day_a_d,SDM,warehouse_table_records,10.负反馈率,10.5 FineDataLink数仓,1
sdm_mk_dome_feedback_month_a_d,SDM,warehouse_table_records,10.负反馈率,10.5 FineDataLink数仓,1
sdm_mk_dome_feedback_wac_month_a_d,SDM,warehouse_table_records,10.负反馈率,10.5 FineDataLink数仓,1
sdm_mk_inter_feedback_day_a_d,SDM,warehouse_table_records,10.负反馈率,10.5 FineDataLink数仓,1
sdm_mk_inter_feedback_month_a_d,SDM,warehouse_table_records,10.负反馈率,10.5 FineDataLink数仓,1
sdm_mk_inter_feedback_wac_day_a_d,SDM,warehouse_table_records,10.负反馈率,10.5 FineDataLink数仓,1
sdm_mk_inter_feedback_wac_month_a_d,SDM,warehouse_table_records,10.负反馈率,10.5 FineDataLink数仓,1
sdm_overall_new_retention_a_d,SDM,warehouse_table_records,1.首页,1.5 FineDataLink数仓,1
sdm_overall_new_retention_a_m,SDM,warehouse_table_records,1.首页,1.5 FineDataLink数仓,1
sdm_penetration_rate_a_d,SDM,indicator_records;warehouse_table_records,1.首页,1.1指标清单;1.5 FineDataLink数仓,8
sdm_platform_ave_rate_a_m,SDM,warehouse_table_records,1.首页,1.5 FineDataLink数仓,1
sdm_platform_rate_a_d,SDM,warehouse_table_records,1.首页,1.5 FineDataLink数仓,1
sdm_platform_rate_a_m,SDM,warehouse_table_records,1.首页,1.5 FineDataLink数仓,1
sdm_sm_clv_a_d,SDM,warehouse_table_records,11.CLV;12.CLV-国内,11.5 FineDataLink数仓;12.5 FineDataLink数仓,2
sdm_sm_clv_a_m,SDM,warehouse_table_records,11.CLV;12.CLV-国内,11.5 FineDataLink数仓;12.5 FineDataLink数仓,2
sdm_sm_dome_clv_a_d,SDM,warehouse_table_records,11.CLV;12.CLV-国内,11.5 FineDataLink数仓;12.5 FineDataLink数仓,2
sdm_sm_dome_clv_a_m,SDM,warehouse_table_records,11.CLV;12.CLV-国内,11.5 FineDataLink数仓;12.5 FineDataLink数仓,2
sdm_sm_inter_clv_a_d,SDM,warehouse_table_records,11.CLV;13.CLV-国际,11.5 FineDataLink数仓;13.5 FineDataLink数仓,2
sdm_sm_inter_clv_a_m,SDM,warehouse_table_records,11.CLV;13.CLV-国际,11.5 FineDataLink数仓;13.5 FineDataLink数仓,2
sdm_sm_inter_clv_rate_a_d,SDM,warehouse_table_records,11.CLV;13.CLV-国际,11.5 FineDataLink数仓;13.5 FineDataLink数仓,2
sdm_sm_inter_clv_rate_a_m,SDM,warehouse_table_records,11.CLV;13.CLV-国际,11.5 FineDataLink数仓;13.5 FineDataLink数仓,2
sdm_sm_inter_clv_rate_ave_a_m,SDM,warehouse_table_records,11.CLV;13.CLV-国际,11.5 FineDataLink数仓;13.5 FineDataLink数仓,2
sdm_sm_inter_new_con_a_d,SDM,warehouse_table_records,11.CLV;13.CLV-国际,11.5 FineDataLink数仓;13.5 FineDataLink数仓,2
sdm_sm_inter_new_retention_a_d,SDM,warehouse_table_records,11.CLV;13.CLV-国际,11.5 FineDataLink数仓;13.5 FineDataLink数仓,2
sdm_sm_inter_new_retention_a_m,SDM,warehouse_table_records,11.CLV;13.CLV-国际,11.5 FineDataLink数仓;13.5 FineDataLink数仓,2
sdm_umeng_unit_price_a_d,SDM,warehouse_table_records,1.首页,1.5 FineDataLink数仓,1
sdm_umeng_unit_price_a_m,SDM,warehouse_table_records,1.首页,1.5 FineDataLink数仓,1
sdm_user_share_a_d,SDM,indicator_records;warehouse_table_records,1.首页,1.1指标清单;1.5 FineDataLink数仓,2
stg.stg_appflyer_master_agg_retention,STG,indicator_records;source_sql_records;warehouse_table_records,11.CLV;13.CLV-国际,11.1指标清单;11.3数据溯源;13.1指标清单,62
stg_appflyer_master_agg_active,STG,indicator_records;source_sql_records;warehouse_table_records,10.负反馈率,10.1指标清单;10.3数据溯源,10
stg_appflyer_master_agg_retention,STG,indicator_records;source_sql_records;warehouse_table_records,10.负反馈率,10.1指标清单;10.3数据溯源,10
stg_google_order_s_d,STG,indicator_records;source_sql_records;warehouse_table_records,7.营业收入-国际化会员,7.1指标清单;7.3数据溯源,21
