page_title,subsection_title,table_name,layer,field_name,field_type,comment
2.净现金流,2.5 FineDataLink数仓,odm_hsca_flow_detail_info_his,ODM,transaction_date,varchar(100),交易时间
2.净现金流,2.5 FineDataLink数仓,odm_hsca_flow_detail_info_his,ODM,currency_code,varchar(80),币种代码
2.净现金流,2.5 FineDataLink数仓,odm_hsca_flow_detail_info_his,ODM,accounting_date,varchar(100),入账日期
2.净现金流,2.5 FineDataLink数仓,odm_hsca_flow_detail_info_his,ODM,payment_amount,"decimal(20,2)",付款金额
2.净现金流,2.5 FineDataLink数仓,odm_hsca_flow_detail_info_his,ODM,receipt_amount,"decimal(20,2)",收款金额
2.净现金流,2.5 FineDataLink数仓,odm_hsca_flow_detail_info_his,ODM,account_balance,"decimal(20,2)",账户余额
2.净现金流,2.5 FineDataLink数仓,odm_hsca_flow_detail_info_his,ODM,cust_bank,varchar(80),对方银行
2.净现金流,2.5 FineDataLink数仓,odm_hsca_flow_detail_info_his,ODM,cust_account_number,varchar(80),对方账号
2.净现金流,2.5 FineDataLink数仓,odm_hsca_flow_detail_info_his,ODM,cust_account_name,varchar(150),对方户名
2.净现金流,2.5 FineDataLink数仓,odm_hsca_flow_detail_info_his,ODM,business_type,varchar(30),业务类型：R收入，P支出
2.净现金流,2.5 FineDataLink数仓,odm_hsca_flow_detail_info_his,ODM,business_uses,varchar(240),用途
2.净现金流,2.5 FineDataLink数仓,odm_hsca_flow_detail_info_his,ODM,description,varchar(240),摘要
2.净现金流,2.5 FineDataLink数仓,odm_hsca_flow_detail_info_his,ODM,postscript,varchar(240),附言
2.净现金流,2.5 FineDataLink数仓,odm_hsca_flow_detail_info_his,ODM,attribute_category,varchar(30),收款分类
2.净现金流,2.5 FineDataLink数仓,odm_hsca_flow_detail_info_his,ODM,attribute1,varchar(150),系统ID
2.净现金流,2.5 FineDataLink数仓,odm_hsca_flow_detail_info_his,ODM,attribute2,varchar(150),交易类型
2.净现金流,2.5 FineDataLink数仓,odm_hsca_flow_detail_info_his,ODM,attribute3,varchar(150),本方银行名称
2.净现金流,2.5 FineDataLink数仓,odm_hsca_flow_detail_info_his,ODM,attribute4,varchar(150),
2.净现金流,2.5 FineDataLink数仓,odm_hsca_flow_detail_info_his,ODM,customer_category_name,varchar(100),对方类型
2.净现金流,2.5 FineDataLink数仓,idm_fin_bank_accounts_a_d,IDM,stat_date,date,日期
2.净现金流,2.5 FineDataLink数仓,idm_fin_bank_accounts_a_d,IDM,bank_name,varchar(100),银行名称
2.净现金流,2.5 FineDataLink数仓,idm_fin_bank_accounts_a_d,IDM,company_code,varchar(100),公司编码
2.净现金流,2.5 FineDataLink数仓,idm_fin_bank_accounts_a_d,IDM,account_name,varchar(150),账户名称，公司名称
2.净现金流,2.5 FineDataLink数仓,idm_fin_bank_accounts_a_d,IDM,account_number,varchar(100),账户编码
2.净现金流,2.5 FineDataLink数仓,idm_fin_bank_accounts_a_d,IDM,account_alias,varchar(150),最新余额
2.净现金流,2.5 FineDataLink数仓,idm_fin_bank_accounts_a_d,IDM,currency_code,varchar(100),币种
2.净现金流,2.5 FineDataLink数仓,idm_fin_bank_accounts_a_d,IDM,rate,varchar(100),汇率
2.净现金流,2.5 FineDataLink数仓,odm_fin_notes_receivable,ODM,start_time,date,票据接收日
2.净现金流,2.5 FineDataLink数仓,odm_fin_notes_receivable,ODM,end_time,date,票据到期日
2.净现金流,2.5 FineDataLink数仓,odm_fin_notes_receivable,ODM,drawer,varchar(100),出票人
2.净现金流,2.5 FineDataLink数仓,odm_fin_notes_receivable,ODM,amout,double,票据金额
2.净现金流,2.5 FineDataLink数仓,idm_fin_mapping,IDM,projectclass,varchar(100),现金流入流出大类
2.净现金流,2.5 FineDataLink数仓,idm_fin_mapping,IDM,category_type,varchar(100),收付款分类
2.净现金流,2.5 FineDataLink数仓,idm_fin_mapping,IDM,category_name,varchar(150),看板项目
8.净利润,8.5 FineDataLink数仓,idm_fin_inter_a_d,IDM,stat_date,varchar(100),日期
8.净利润,8.5 FineDataLink数仓,idm_fin_inter_a_d,IDM,projectclass,varchar(100),项目分类
8.净利润,8.5 FineDataLink数仓,idm_fin_inter_a_d,IDM,original,double,美元金额
8.净利润,8.5 FineDataLink数仓,idm_fin_inter_a_d,IDM,amout,double,人民币金额
8.净利润,8.5 FineDataLink数仓,idm_fin_inter_a_d,IDM,rate,double,汇率
8.净利润,8.5 FineDataLink数仓,idm_fin_inter_a_d,IDM,create_time,datetime,创建时间
8.净利润,8.5 FineDataLink数仓,idm_fin_inter_a_d,IDM,update_time,datetime,最后更新时间
8.净利润,8.5 FineDataLink数仓,idm_fin_inter_a_d,IDM,stat_date2,varchar(100),stat_date2
8.净利润,8.5 FineDataLink数仓,app_fin_pl_detail_i_d,APP,stat_date,varchar(100),数据日期（格式：YYYY-MM-DD）
8.净利润,8.5 FineDataLink数仓,app_fin_pl_detail_i_d,APP,projectclass_type,varchar(100),项目大类
8.净利润,8.5 FineDataLink数仓,app_fin_pl_detail_i_d,APP,projectclass,varchar(100),项目分类
8.净利润,8.5 FineDataLink数仓,app_fin_pl_detail_i_d,APP,amout,double,项目金额
8.净利润,8.5 FineDataLink数仓,app_fin_pl_detail_i_d,APP,amout1,double,预估调整金额
8.净利润,8.5 FineDataLink数仓,app_fin_pl_detail_i_d,APP,amout2,double,实际调整数
8.净利润,8.5 FineDataLink数仓,app_fin_pl_detail_i_d,APP,amout3,double,合计金额
8.净利润,8.5 FineDataLink数仓,app_fin_pl_detail_i_d,APP,chain_ratio,double,环比
8.净利润,8.5 FineDataLink数仓,app_fin_pl_detail_i_d,APP,year_ratio,double,同比
8.净利润,8.5 FineDataLink数仓,app_fin_pl_detail_i_d,APP,create_time,datetime,创建时间
8.净利润,8.5 FineDataLink数仓,app_fin_pl_detail_i_d,APP,update_time,datetime,最后更新时间
8.净利润,8.5 FineDataLink数仓,app_fin_pl_detail_i_d,APP,stat_date2,varchar(100),stat_date2
8.净利润,8.5 FineDataLink数仓,app_fin_pl_detail_i_d,APP,stat_month,varchar(100),会计月
8.净利润,8.5 FineDataLink数仓,app_fin_day,APP,stat_date,date,年月日
8.净利润,8.5 FineDataLink数仓,app_fin_day,APP,projectclass,varchar(100),项目分类
8.净利润,8.5 FineDataLink数仓,app_fin_day,APP,projectclass_type,varchar(100),项目大类
8.净利润,8.5 FineDataLink数仓,idm_fin_member_revenue_i_d,IDM,stat_month,varchar(255),年月
8.净利润,8.5 FineDataLink数仓,idm_fin_member_revenue_i_d,IDM,amout,double,国内会员金额
8.净利润,8.5 FineDataLink数仓,idm_fin_member_revenue_i_d,IDM,amout_inter,double,国际会员金额(美元)
8.净利润,8.5 FineDataLink数仓,idm_fin_member_revenue_i_d,IDM,create_time,timestamp,创建日期
8.净利润,8.5 FineDataLink数仓,idm_fin_account_mapping,IDM,account_code,varchar(100),科目编码
8.净利润,8.5 FineDataLink数仓,idm_fin_account_mapping,IDM,account_name,varchar(255),科目名称
8.净利润,8.5 FineDataLink数仓,idm_fin_account_mapping,IDM,pro_type,varchar(50),类型
8.净利润,8.5 FineDataLink数仓,idm_fin_account_mapping,IDM,pro_class,varchar(50),项目分类
8.净利润,8.5 FineDataLink数仓,idm_fin_account_mapping,IDM,project,varchar(50),费用项目
8.净利润,8.5 FineDataLink数仓,idm_fin_member_mapping,IDM,sub_category,varchar(100),子类别
8.净利润,8.5 FineDataLink数仓,idm_fin_member_mapping,IDM,fin_type,varchar(100),财务类型
8.净利润,8.5 FineDataLink数仓,idm_fin_member_mapping,IDM,create_time,datetime,记录创建时间
