page_title,subsection_title,source_table_id,序号,系统表名,溯源SQL,溯源sql
1.首页,1.3数据溯源,2,1,友盟单价：ods_channel_consumption_hand_copy_report_d,select * from hive.ods.ods_channel_consumption_hand_copy_report_d where stat_date in (select max(stat_date) from hive.ods.ods_channel_consumption_hand_copy_report_d),
1.首页,1.3数据溯源,2,2,百度指数：baidu_search_index,"SELECT stat_date,sum(weather_and_forcast) `index` FROM baidu_search_index GROUP by stat_date",
1.首页,1.3数据溯源,2,3,销售机会数据表 ad_xsy_crm.ad_xsy_crm_custom_entity3 ad_xsy_crm.ad_xsy_crm_entity_type ad_xsy_crm.ad_xsy_crm_user ad_xsy_crm.ad_xsy_crm_department ad_xsy_crm.ad_xsy_crm_opportunity ad_xsy_crm.ad_xsy_crm_field_enum ad_xsy_crm.ad_xsy_crm_user ad_xsy_crm.ad_xsy_crm_account ad_xsy_crm.ad_xsy_crm_custom_entity1 ad_xsy_crm.ad_xsy_crm_stage ad_xsy_crm.ad_xsy_crm_custom_entity4 ad_xsy_crm.ad_xsy_crm_contact 广告开票回款情况 hsar_cust_rec_headers moji_ads_monthly_record_initial moji_invoice_associated moji_invoice_req_headers moji_invoice_headers hsbm_receipt_lines hsbm_receipt_headers hsbm_payment_lines hsbm_payment_headers hspm_rule hspm_rule_data,"子销售数据： select axcce3.customEntity3Id, axcce3.name, axcet.label as entityType_name, axcu.name as ownerId_name, axcd.departName as dimDepart_departName, if (axcce3.lockStatus='1','锁定','未锁定') as lockStatus, axcce3.customItem2__c, axcce3.customItem3__c, xsjh.opportunityName, axcce3.customItem5__c, axcce3.customItem6__c, if (axcce3.customItem8__c='1','是','否') as customItem8__c, axcce3.customItem12__c, axcce3.customItem14__c, axcce3.customItem15__c, axcce3.customItem16__c, axcce3.customItem11__c, axcce3.customItem17__c, axcce3.customItem18__c, axcce3.customItem19__c, axcce3.customItem20__c, axcce3.customItem21__c, axcce3.customItem22__c, e3.label as customItem23__c, axcce3.customItem25__c, e6.label as customItem24__c, e7.label as customItem26__c, axcce3.createdAt, cu.name as createdBy, axcce3.updatedAt, u.name as updatedBy, axcce3.customItem28__c, axcce3.customItem27__c from ad_xsy_crm.ad_xsy_crm_custom_entity3 as axcce3 left join ad_xsy_crm.ad_xsy_crm_entity_type axcet ON axcce3.entitytype = axcet.entitytypeid LEFT JOIN ad_xsy_crm.ad_xsy_crm_user axcu ON axcce3.ownerid = axcu.userid LEFT JOIN ad_xsy_crm.ad_xsy_crm_department axcd ON axcce3.dimdepart = axcd.departmentid LEFT JOIN ad_xsy_crm.ad_xsy_crm_opportunity xsjh ON axcce3.customItem4__c = xsjh.opportunityId LEFT JOIN ad_xsy_crm.ad_xsy_crm_field_enum AS e3 ON axcce3.customItem23__c = e3.value AND e3.field = 'customItem141' and e3.table = 'ad_xsy_crm_opportunity' LEFT JOIN ad_xsy_crm.ad_xsy_crm_field_enum AS e6 ON axcce3.customItem24__c = e6.value AND e6.field = 'customItem187__c' and e6.table = 'ad_xsy_crm_opportunity' LEFT JOIN ad_xsy_crm.ad_xsy_crm_field_enum AS e7 ON axcce3.customItem26__c = e7.value AND e7.field = 'customItem188__c' and e7.table = 'ad_xsy_crm_opportunity' left join ad_xsy_crm.ad_xsy_crm_user cu ON axcce3.createdBy = cu.userid LEFT JOIN ad_xsy_crm.ad_xsy_crm_user u ON axcce3.updatedby = u.userid 子销售机会模块 SELECT axco.opportunityid, axcet.label as entitytype_name, axcd.departname, axcu.name as user_name, cu1.name sj_name, axco.opportunityname, axca.accountname, e6.label as c_187_name, e7.label as c_188_name, case when axco.customitem189__c = '1' then '品牌程序化PD' when axco.customitem189__c = '2' then '品牌程序化PDB' when axco.customitem189__c = '3' then '品牌程序化RTB' when axco.customitem189__c = '4' then '品牌直投（项目类）' when axco.customitem189__c = '5' then '品牌直投（常规类）' when axco.customitem189__c = '6' then '品牌直投（程序化类）' end customitem189__c, axco.customitem136, axco.customitem137, axco.money, a.name as customitem_name, clgs.name customitem179__c, e1.label status_name, axcs.stagename, axco.customitem185__c, e5.label as 168__c_label, e4.label as 167__c_label, e2.label as reason_label, axco.reasondesc, axco.createdAt, cu.name as created_name, axco.leadid, axco.fcastmoney, e3.label as 141__c_label, lxr.contactName customitem176__c, axco.customitem177__c, axco.customItem191__c FROM ad_xsy_crm.ad_xsy_crm_opportunity AS axco left join ad_xsy_crm.ad_xsy_crm_entity_type axcet ON axco.entitytype = axcet.entitytypeid left join ad_xsy_crm.ad_xsy_crm_department axcd ON axco.dimdepart = axcd.departmentid left join ad_xsy_crm.ad_xsy_crm_user axcu ON axco.ownerid = axcu.userid left join ad_xsy_crm.ad_xsy_crm_account axca ON axco.accountid = axca.accountid left join ad_xsy_crm.ad_xsy_crm_custom_entity1 a ON axco.customitem138 = a.customentity1id left join ad_xsy_crm.ad_xsy_crm_stage axcs ON axco.salestageid = axcs.stageid left join ad_xsy_crm.ad_xsy_crm_user cu ON axco.createdby = cu.userid left join ad_xsy_crm.ad_xsy_crm_user cu1 ON axco.customitem166__c = cu1.userid LEFT JOIN ad_xsy_crm.ad_xsy_crm_custom_entity4 AS clgs ON axco.customitem179__c = clgs.customEntity4Id LEFT JOIN ad_xsy_crm.ad_xsy_crm_contact AS lxr ON axco.customitem176__c = lxr.contactId LEFT JOIN ad_xsy_crm.ad_xsy_crm_field_enum AS e1 ON axco.status = e1.value AND e1.field = 'status' and e1.table = 'ad_xsy_crm_opportunity' LEFT JOIN ad_xsy_crm.ad_xsy_crm_field_enum AS e2 ON axco.reason = e2.value AND e2.field = 'reason' and e2.table = 'ad_xsy_crm_opportunity' LEFT JOIN ad_xsy_crm.ad_xsy_crm_field_enum AS e3 ON axco.customItem141 = e3.value AND e3.field = 'customItem141' and e3.table = 'ad_xsy_crm_opportunity' LEFT JOIN ad_xsy_crm.ad_xsy_crm_field_enum AS e4 ON axco.customItem167__c = e4.value AND e4.field = 'customItem167__c' and e4.table = 'ad_xsy_crm_opportunity' LEFT JOIN ad_xsy_crm.ad_xsy_crm_field_enum AS e5 ON axco.customItem168__c = e5.value AND e5.field = 'customItem168__c' and e5.table = 'ad_xsy_crm_opportunity' LEFT JOIN ad_xsy_crm.ad_xsy_crm_field_enum AS e6 ON axco.customItem187__c = e6.value AND e6.field = 'customItem187__c' and e6.table = 'ad_xsy_crm_opportunity' LEFT JOIN ad_xsy_crm.ad_xsy_crm_field_enum AS e7 ON axco.customItem188__c = e7.value AND e7.field = 'customItem188__c' and e7.table = 'ad_xsy_crm_opportunity' 广告开票回款 SELECT mri.contract_num AS contract_num, -- 合同号 mri.date_value1 AS start_date, -- 起投日期 mri.date_value2 AS end_date, -- 结束日期 mri.agent_number AS agent_code, -- 代理编码 mri.agent_name AS agent_name, -- 代理名称 mri.merchant_number AS merchant_code, -- 客商编码 mri.merchant_name AS merchant_name, -- 客商名称 mri.settle_amount AS contract_amount, -- 合同金额 mri.htax_amount AS contract_amount_excl_tax, -- 合同金额不含税 mri.hsettle_amount AS contract_amount_tax, -- 合同金额税 mri.currency_code AS currency, -- 币种 mri.big_value1 AS rebate_rate, -- 返点比例 mri.big_value2 AS rebate_amount, -- 返点金额 mri.big_value3 AS run_volume, -- 跑量 mri.big_value3 /1.06 AS run_volume_excl_tax, -- 跑量不含税 mri.big_value3 -ROUND(mri.big_value3 /1.06,2) AS run_volume_tax, -- 跑量税 ( SELECT SUM((SUBSTRING_INDEX(SUBSTRING_INDEX(a.invoice_amounted_detail, '\n', numbers.n), '\n', -1))) FROM ( -- 生成一个足够大的数字序列 SELECT 1 n UNION ALL SELECT 2 UNION ALL SELECT 3 UNION ALL SELECT 4 UNION ALL SELECT 5 UNION ALL SELECT 6 UNION ALL SELECT 7 UNION ALL SELECT 8 UNION ALL SELECT 9 UNION ALL SELECT 10 UNION ALL SELECT 11 UNION ALL SELECT 12 UNION ALL SELECT 13 UNION ALL SELECT 14 UNION ALL SELECT 15 UNION ALL SELECT 16 UNION ALL SELECT 17 UNION ALL SELECT 18 -- 可以根据实际情况添加更多数字 ) numbers WHERE numbers.n <= (LENGTH(a.invoice_amounted_detail) - LENGTH(REPLACE(a.invoice_amounted_detail, '\n', '')) + 1) ) AS total_invoiced_amount, -- 已开票金额合计 (CASE WHEN LEFT(a.invoice_amounted_detail, 1) = '\n' THEN SUBSTRING(a.invoice_amounted_detail, 2) ELSE a.invoice_amounted_detail END) AS invoiced_amount_detail, -- 已开票金额明细 REPLACE((CASE WHEN LEFT(a.invoice_date_detail, 1) = '\n' THEN SUBSTRING(a.invoice_date_detail, 2) ELSE a.invoice_date_detail END),'-','/') AS invoice_date_detail, -- 开票日期明细 ( SELECT SUM((SUBSTRING_INDEX(SUBSTRING_INDEX(b.wapply_amount_detail, '\n', numbers.n), '\n', -1))) FROM ( -- 生成一个足够大的数字序列 SELECT 1 n UNION ALL SELECT 2 UNION ALL SELECT 3 UNION ALL SELECT 4 UNION ALL SELECT 5 UNION ALL SELECT 6 UNION ALL SELECT 7 UNION ALL SELECT 8 UNION ALL SELECT 9 UNION ALL SELECT 10 UNION ALL SELECT 11 UNION ALL SELECT 12 UNION ALL SELECT 13 UNION ALL SELECT 14 UNION ALL SELECT 15 UNION ALL SELECT 16 UNION ALL SELECT 17 UNION ALL SELECT 18 -- 可以根据实际情况添加更多数字 ) numbers WHERE numbers.n <= (LENGTH(b.wapply_amount_detail) - LENGTH(REPLACE(b.wapply_amount_detail, '\n', '')) + 1) )+ IFNULL(d.amount,0) AS total_received_amount, -- 已回款金额合计回款 CONCAT((CASE WHEN LEFT(b.wapply_amount_detail, 1) = '\n' THEN SUBSTRING(b.wapply_amount_detail, 2) ELSE b.wapply_amount_detail END),IF(d.receipt_line_id IS NULL,'','\n'),IFNULL(d.amount,'')) AS received_amount_detail, -- 已回款金额明细 REPLACE(CONCAT((CASE WHEN LEFT(b.wapply_date_detail, 1) = '\n' THEN SUBSTRING(b.wapply_date_detail, 2) ELSE b.wapply_date_detail END),IF(d.receipt_line_id IS NULL,'','\n'),IFNULL(d.receipt_date,'')),'-','/') AS receipt_date, -- 到账日期 ( SELECT MAX(STR_TO_DATE(SUBSTRING_INDEX(SUBSTRING_INDEX(b.wapply_date_detail, '\n', numbers.n), '\n', -1), '%Y-%m-%d')) FROM ( -- 生成一个足够大的数字序列 SELECT 1 n UNION ALL SELECT 2 UNION ALL SELECT 3 UNION ALL SELECT 4 UNION ALL SELECT 5 UNION ALL SELECT 6 UNION ALL SELECT 7 UNION ALL SELECT 8 UNION ALL SELECT 9 UNION ALL SELECT 10 UNION ALL SELECT 11 UNION ALL SELECT 12 UNION ALL SELECT 13 UNION ALL SELECT 14 UNION ALL SELECT 15 UNION ALL SELECT 16 UNION ALL SELECT 17 UNION ALL SELECT 18 -- 可以根据实际情况添加更多数字 ) numbers WHERE numbers.n <= (LENGTH(b.wapply_date_detail) - LENGTH(REPLACE(b.wapply_date_detail, '\n', '')) + 1) ) AS latest_receipt_date, -- 最晚到账日期 mri.interval_cont_amt AS interval_contract_amount, -- 区间合同额 mri.interval_con_hs_amt AS interval_contract_amount_excl_tax, -- 区间合同额不含税 mri.interval_reb_amt AS interval_rebate_amount, -- 区间合同返点金额 mri.interval_reb_hs_amt AS interval_rebate_amount_excl_tax, -- 区间合同返点金额不含税 mri.interval_net_full_amt AS interval_net_full_amount, -- 区间合同净额（不扣除现金折扣） mri.interval_net_amt AS interval_net_amount, -- 区间合同净额 mri.belong_group AS belong_group, -- 所属集团 mri.direct_cust_sales AS direct_customer_sales, -- 直客销售 mri.channel_sales AS channel_sales, -- 渠道销售 mri.industry_type AS industry_type, -- 行业 mri.new_old_cust AS new_old_customer, -- 新老客户 mri.cust_type AS customer_type, -- 客户类型 mri.exclusive_proj AS exclusive_project, -- 是否独家代理项目 mri.meteo_proj AS meteorological_project, -- 是否气象营销项目 mri.place_pos AS placement_position, -- 投放位置 mri.discount_sit AS discount_situation, -- 折扣情况 IFNULL(IF(mri.cash_disc_rate is null or mri.cash_disc_rate = '',d.rate*-1,mri.cash_disc_rate/100),0) AS cash_discount_rate, -- 现金折扣比例 mri.sale_method AS sales_method, -- 售卖方式 mri.cost_incl_tax AS cost_incl_tax, -- 成本含税 mri.res_cost_incl_tax AS resource_cost_incl_tax, -- 资源成本含税 mri.con_exp_date AS contract_expiry_date, -- 合同到期时间 IF(( SELECT MAX(STR_TO_DATE(SUBSTRING_INDEX(SUBSTRING_INDEX(b.wapply_date_detail, '\n', numbers.n), '\n', -1), '%Y-%m-%d')) FROM ( -- 生成一个足够大的数字序列 SELECT 1 n UNION ALL SELECT 2 UNION ALL SELECT 3 UNION ALL SELECT 4 UNION ALL SELECT 5 UNION ALL SELECT 6 UNION ALL SELECT 7 UNION ALL SELECT 8 UNION ALL SELECT 9 UNION ALL SELECT 10 UNION ALL SELECT 11 UNION ALL SELECT 12 UNION ALL SELECT 13 UNION ALL SELECT 14 UNION ALL SELECT 15 UNION ALL SELECT 16 UNION ALL SELECT 17 UNION ALL SELECT 18 -- 可以根据实际情况添加更多数字 ) numbers WHERE numbers.n <= (LENGTH(b.wapply_date_detail) - LENGTH(REPLACE(b.wapply_date_detail, '\n', '')) + 1) ) IS NULL,'无回款到账日期',IF(mri.con_exp_date IS NULL,'无合同到期日',DATEDIFF((( SELECT MAX(STR_TO_DATE(SUBSTRING_INDEX(SUBSTRING_INDEX(b.wapply_date_detail, '\n', numbers.n), '\n', -1), '%Y-%m-%d')) FROM ( -- 生成一个足够大的数字序列 SELECT 1 n UNION ALL SELECT 2 UNION ALL SELECT 3 UNION ALL SELECT 4 UNION ALL SELECT 5 UNION ALL SELECT 6 UNION ALL SELECT 7 UNION ALL SELECT 8 UNION ALL SELECT 9 UNION ALL SELECT 10 UNION ALL SELECT 11 UNION ALL SELECT 12 UNION ALL SELECT 13 UNION ALL SELECT 14 UNION ALL SELECT 15 UNION ALL SELECT 16 UNION ALL SELECT 17 UNION ALL SELECT 18 -- 可以根据实际情况添加更多数字 ) numbers WHERE numbers.n <= (LENGTH(b.wapply_date_detail) - LENGTH(REPLACE(b.wapply_date_detail, '\n', '')) + 1) )),mri.con_exp_date))) AS overdue_days, -- 逾期天数 mri.con_acc_period AS contract_account_period, -- 合同帐期 mri.belong_area AS customer_belong_area, -- 客户归属区域 mri.season_strat_flag AS seasonal_strategy_flag, -- 是否享受淡季策略 DATE_FORMAT(mri.business_date, '%Y%m') AS year_months, -- 年份月份 mri.exposure AS exposure, -- 曝光 c.UA AS UA, -- UA c.eCPM / c.UA eCPM, IF(mri.sale_method IN('CPS','CPA'),1,IFNULL(IF(mri.belong_group IN ('阿里巴巴集团','京东集团'),ruled.value7,ruled.value4),1)) AS resource_coefficient -- 资源系数 FROM iscs_hsbm.hsar_cust_rec_headers crh JOIN iscs_hsbm.moji_ads_monthly_record_initial mri ON crh.contract_num = mri.contract_num AND crh.var_value2 = mri.period_num LEFT JOIN ( SELECT crh.contract_num , crh.invoice_amounted , CONCAT(IFNULL(GROUP_CONCAT(mia2.this_associated_amount SEPARATOR '\n'),''),'\n',IFNULL(mri.invoice_amount,'')) AS invoice_amounted_detail, CONCAT(IFNULL(GROUP_CONCAT(DATE_FORMAT(mih.invoice_date,'%Y-%m-%d') SEPARATOR '\n'),''),'\n',IFNULL(mri.invoice_date,'')) AS invoice_date_detail FROM iscs_hsbm.hsar_cust_rec_headers crh LEFT JOIN (SELECT contract_num,invoice_amount,invoice_date FROM iscs_hsbm.moji_ads_monthly_record_initial WHERE business_type_code = 'BT02-2' AND period_num = '250303初始化' GROUP BY contract_num,period_num) mri ON crh.contract_num = mri.contract_num LEFT JOIN iscs_hsbm.moji_invoice_associated mia ON mia.source_number = crh.cust_rec_number LEFT JOIN iscs_hsbm.moji_invoice_req_headers irh ON irh.invoice_req_id = mia.invoice_req_id AND irh.invoice_req_status IN ('INVOICED_SUCCESS' ,'REVERSE_SUCCESS','PART_REVERSE') LEFT JOIN iscs_hsbm.moji_invoice_associated mia2 ON irh.invoice_req_id = mia2.invoice_req_id AND mia2.associate_id = mia.associate_id LEFT JOIN iscs_hsbm.moji_invoice_headers mih ON mih.invoice_req_id = irh.invoice_req_id WHERE crh.var_value1 IN ('BT02-2') AND crh.var_value3 = '开票数据' -- AND (CASE WHEN #{contractNum} is not null then crh.contract_num= #{contractNum} else 1=1 end) GROUP BY crh.contract_num ) a ON crh.contract_num = a.contract_num LEFT JOIN ( SELECT e.contract_num , e.wapply_amount , CONCAT(GROUP_CONCAT(IFNULL(-1*pl2.payment_amount,'') SEPARATOR '\n'),'\n',e.wapply_amount_detail) AS wapply_amount_detail, CONCAT(GROUP_CONCAT(IFNULL(ph.payment_date,'') SEPARATOR '\n'),'\n',e.wapply_date_detail) AS wapply_date_detail, e.last_apply_date FROM ( SELECT crh.contract_num , crh.wapply_amount , CONCAT(IFNULL(GROUP_CONCAT(ROUND(rl.receipt_amount*IFNULL(mia.this_associated_amount/irh.invoice_tax_amount,1),2) SEPARATOR '\n'),''),'\n',IFNULL(mri.receipt_amount,'')) AS wapply_amount_detail, CONCAT(IFNULL(GROUP_CONCAT(DATE_FORMAT(rh.receipt_date,'%Y-%m-%d') SEPARATOR '\n'),''),'\n',IFNULL(mri.receipt_date,'')) AS wapply_date_detail, MAX(rh.receipt_date) AS last_apply_date FROM iscs_hsbm.hsar_cust_rec_headers crh LEFT JOIN (SELECT contract_num,receipt_amount,receipt_date FROM iscs_hsbm.moji_ads_monthly_record_initial WHERE business_type_code = 'BT02-2' AND period_num = '250303初始化' GROUP BY contract_num,period_num) mri ON crh.contract_num = mri.contract_num LEFT JOIN iscs_hsbm.moji_invoice_associated mia ON mia.associated_number = crh.cust_rec_number LEFT JOIN iscs_hsbm.moji_invoice_req_headers irh ON mia.invoice_req_id = irh.invoice_req_id LEFT JOIN iscs_hsbm.hsbm_receipt_lines rl ON ((rl.source_match_num = irh.invoice_req_num AND rl.receipt_line_type != 'CASH_DISCOUNT') OR rl.rec_header_id = crh.rec_header_id) AND rl.claim_flag = 'Y' LEFT JOIN iscs_hsbm.hsbm_receipt_headers rh ON rl.receipt_header_id = rh.receipt_header_id WHERE crh.var_value1 IN ('BT02-2') AND crh.var_value3 = '开票数据' -- AND (CASE WHEN #{contractNum} is not null then crh.contract_num= #{contractNum} else 1=1 end) GROUP BY crh.contract_num ) e LEFT JOIN iscs_hsbm.hsbm_payment_lines pl ON pl.contract = e.contract_num LEFT JOIN iscs_hsbm.hsbm_payment_headers ph ON pl.payment_header_id = ph.payment_header_id AND ph.document_status = 'SUCCESS' LEFT JOIN iscs_hsbm.hsbm_payment_lines pl2 ON pl2.payment_header_id = ph.payment_header_id AND pl2.payment_line_id = pl.payment_line_id GROUP BY e.contract_num ) b ON crh.contract_num = b.contract_num LEFT JOIN ( SELECT mri.contract_num,mri.place_pos,SUM(mri.interval_cont_amt),SUM(mri.exposure),SUM(mri.cost_incl_tax)+SUM(mri.res_cost_incl_tax), IF(mri.place_pos='15日预报上方Banner',49.3,IF(mri.place_pos='穿衣助手三件套',3.7,IF(mri.place_pos='首页天气背景（彩蛋）',10.3,IF(mri.place_pos='天气首页中部',49.3,1)))) UA, ROUND(((SUM(mri.interval_cont_amt)-ROUND(SUM(mri.interval_cont_amt)*mri.big_value1,4)-ROUND(SUM(mri.interval_cont_amt)*mri.cash_disc_rate/100,4)-SUM(mri.cost_incl_tax)-SUM(mri.res_cost_incl_tax))/1.06/SUM(mri.exposure)*1000),4) eCPM FROM iscs_hsbm.hsar_cust_rec_headers crh JOIN iscs_hsbm.moji_ads_monthly_record_initial mri ON crh.contract_num = mri.contract_num AND crh.var_value2 = mri.period_num GROUP BY mri.contract_num,mri.place_pos ) c ON crh.contract_num = c.contract_num AND mri.place_pos = c.place_pos JOIN hscs_hspm.hspm_rule rule ON rule.rule_code = 'ADS_SALES_SOURCE_RULE' LEFT JOIN hscs_hspm.hspm_rule_data ruled ON rule.id = ruled.rule_id AND ruled.value1= mri.place_pos AND (c.eCPM / c.UA)>=IF(mri.belong_group IN ('阿里巴巴集团','京东集团'),ruled.value5,ruled.value2) AND (c.eCPM / c.UA) < IF(mri.belong_group IN ('阿里巴巴集团','京东集团'),ruled.value6,ruled.value3) LEFT JOIN ( SELECT rl.receipt_line_id,crh.contract_num AS contract,rl.receipt_amount AS amount,crh.big_value1 AS contract_amount,ROUND(rl.receipt_amount/crh.big_value1,4)+IFNULL(mri.cash_disc_rate,0) AS rate,rh.receipt_date FROM iscs_hsbm.hsbm_receipt_lines rl JOIN iscs_hsbm.hsbm_receipt_headers rh ON rl.receipt_header_id = rh.receipt_header_id JOIN iscs_hsbm.hsar_cust_rec_headers crh ON crh.contract_num = rl.contract AND crh.var_value3= '开票数据' LEFT JOIN (SELECT DISTINCT contract_num,period_num,cash_disc_rate FROM iscs_hsbm.moji_ads_monthly_record_initial WHERE period_num LIKE '%初%') mri ON mri.contract_num = crh.contract_num WHERE rl.receipt_line_type = 'CASH_DISCOUNT' AND rl.claim_flag = 'Y' ) d ON crh.contract_num = d.contract WHERE crh.var_value1 IN ('BT02-2') AND crh.var_value3 = '开票数据' AND mri.cancel_flag = 'N' -- AND (CASE WHEN #{contractNum} is not null then crh.contract_num= #{contractNum} else 1=1 end) -- AND mri.contract_num = 'AD202500013' ORDER BY crh.contract_num",
1.首页,1.3数据溯源,2,4,api获取销售易表 机会表：opportunity 合同表：contract 签单表：tob_order_signing_sheet,"tob-机会表 SELECT id,entityType,ownerId,opportunityName,accountId,priceId,opportunityType,money,saleStageId,lostStageId,winRate,reason,reasonDesc,closeDate,commitmentFlg,sourceId,projectBudget,actualCost,product,stageUpdatedAt,recentActivityRecordTime,createdAt,createdBy,updatedAt,updatedBy,COMMENT,dimDepart,t erritoryId,lockStatus,campaignId,approvalStatus,STATUS,leadId,opportunityScore,fcastMoney,forecastCategory,duplicateFlg,winReason,winReasonDesc,applicantId,customItem161__c,customItem162__c,customItem164__c,customItem166__c,customItem165__c,customItem167__c,customItem168__c,customItem169__c,customItem170__c,customItem171__c,customItem172__c,customItem173__c,customItem174__c,customItem175__c,customItem176__c,customItem177__c,customItem178__c,customItem179__c,customItem180__c,customItem181__c,customItem182__c,customItem183__c,customItem184__c,customItem185__c,customItem186__c,customItem187__c,customItem188 __c,customItem189__c,customItem190__c,customItem191__c,customItem192__c,customItem193__c,customItem194__c,customItem195__c,customItem196__c,customItem197__c,customItem198__c,customItem199__c,customItem200__c,customItem201__c,customItem202__c,customItem203__c,customItem204__c,customItem205__c,customIte m206__c,customItem207__c FROM opportunity ORDER BY ownerId tob-合同表 SELECT id,entityType,title,accountId,opportunityId,campaignId,amount,STATUS,approvalStatus,payMode,startDate,invoicedAmount,orderAmount,endDate,paymentAmount,invoiceAmountFromInvoice,paymentAmountFromInvoice,invoicedPercentage,paymentPercentage,receiptAmountFromInvoice,invoiceAmount,paymentAmoun tPlanned,invoiceAmountFromOrder,payBack,paymentAmountFromOrder,notPayment,receiptAmountFromOrder,paymentStatus,overdueStatus,paymentPercent,contractContent,contractCode,ownerId,signerId,signDate,territoryId,COMMENT,createdAt,createdBy,applicantId,updatedAt,updatedBy,dimDepart,lockStatus,paymentBalance,invoiceBalanc e,amountUnbilled,receiptAmount,receiptBalance,customItem155__c,customItem158__c,customItem159__c,customItem160__c,customItem161__c,customItem162__c,customItem163__c,customItem164__c,customItem165__c,customItem166__c,customItem167__c,customItem168__c,customItem169__c,customItem170__c,customItem171__c,customItem172__c,customItem173__c,customItem175__c,customItem174__c,customItem176__c,customItem177__c,customItem178__c,customItem180__c,customItem181__c,customItem182__c,customItem183__c,customItem184__c,customItem185__c,customItem186__c,customItem187__c,customItem188__c,customItem189__c,customItem190_ _c,customItem191__c,customItem193__c,customItem192__c,customItem194__c,customItem195__c,customItem196__c,customItem197__c,customItem198__c,customItem199__c,customItem200__c,customItem201__c,customItem202__c,customItem203__c,customItem204__c FROM contract ORDER BY ownerId tob-签单表 SELECT id,contract_num,start_date,end_date,party_site_number,receipt_dept,industry,sub_industry,salesperson,abbreviation,sources_of_leads,customer_categories,service_type,service_content,sign_date,rec_amount,rec_amount_exc_tax,amortization_month,receivable_ending_balance,invoice_amounted,invoiced_revenue,invoiced_tax_amount,uninvoiced_amount,amount_received_previous,amount_received_last_year,amount_received_ytd,uncollected_amount,total_revenue_difference,total_revenue_amount,revenue_previous_year,this_year_jan_amount,this_year_feb_amount,this_year_mar_amount,this_year_apr_amount,this_year_may_amount,this_year_jun_amount,this_year_jul_amount,this_year_aug_amount,this_year_sep_amount,this_year_oct_amount,this_year_nov_amount,this_year_dec_amount,next_year_jan_amount,next_year_feb_amount,next_year_mar_amount,next_year_apr_amount,next_year_may_amount,next_year_jun_amount,next_year_jul_amount,next_year_aug_amount,next_year_sep_amount,next_year_oct_amount,next_year_nov_amount,next_year_dec_amount,the_year_after_next_jan_amount,the_year_after_next_feb_amount,the_year_after_next_mar_amount,the_year_after_next_apr_amount,the_year_after_next_may_amount,the_year_after_next_jun_amount,the_year_after_next_jul_amount,the_year_after_next_aug_amount,the_year_after_next_sep_amount,the_year_after_next_oct_amount,the_year_after_next_nov_amount,the_year_after_next_dec_amount,tenant_id,created_by,last_updated_by,creation_date,last_update_date,object_version_number,invoice_date,substr(STR_TO_DATE(CONCAT(report_month,'-01'),'%Y-%m-%d'),1,7) report_month,contract_ar_due_date,due_date,payment_date,days_past_due FROM `iscs_irpt`.`tob_order_signing_sheet` WHERE tenant_id='10020'",
2.净现金流,2.3数据溯源,8,1,现金流水详情表（银行流水明细）,"select transaction_date,-- 交易时间 currency_code ,-- 币种代码, accounting_date,-- 入账日期, payment_amount,-- 付款金额, receipt_amount,-- 收款金额, account_balance,-- 账户余额, cust_bank,-- 对方银行, cust_account_number,-- 对方账号, cust_account_name,-- 对方账户名, business_type,-- 业务类型, business_uses,-- 用途, description ,-- 摘要, postscript ,-- 附言, attribute_category ,-- 收付款分类, attribute1, attribute2, attribute3, attribute4, customer_category_name -- 对方类型 from iscs_hsbm.hsca_flow_detail_info -- 资金流水详情表 where tenant_id='10020' -- 租户 and left(transaction_date,10)>='2023-01-01'",
2.净现金流,2.3数据溯源,8,2,资金台账-投资理财,"select leder_id,-- 表ID，主键 account_status ,-- 账户状态 currency, -- 币种 invest_name, -- 投资名称 invest_type, -- 付息类型 invest_amount, -- 投资金额 institution, -- 金融机构编码 invest_balance, -- 投资余额 start_date_id, -- 开始日期ID end_date_id, -- 结束日期ID tenant_id, -- 租户ID invest_code -- 投资编号 from iscs_hsbm.cusz_investment_finance_ledger where tenant_id = '10020' -- 租户",
2.净现金流,2.3数据溯源,8,3,资金台账-融资贷款,"select leder_id, -- 表ID，主键 currency, -- 币种 enterprise_name, -- 所属企业 loan_type_name, -- 贷款类型 loan_amount, -- 贷款总额 institution_name,-- 金融机构 start_date_id, -- 贷款开始时间 end_date_id, -- 结束日期 status_desc, -- 状态 tenant_id -- 租户ID from iscs_hsbm.cusz_financing_loan_ledger",
2.净现金流,2.3数据溯源,8,4,汇率定义表,"select rate_date, -- 汇率日期 from_currency_code,-- 被兑换货币CODE to_currency_code, -- 兑换货币CODE rate ,-- 汇率 tenant_id -- 租户 from hscs_hspm.hspm_exchange_rate -- 汇率定义表",
2.净现金流,2.3数据溯源,8,5,银行信息表,"select bank_id, -- 银行id bank_code, -- 银行编码 bank_name, -- 银行名称 tenant_id -- 租户id from hscs_hspm.hspm_bank where tenant_id = '10020' -- 租户",
2.净现金流,2.3数据溯源,8,6,银行账户余额表,"select bank_id, -- 银行id company_code, -- 公司编码 account_name, -- 账户名称，公司名称 account_number, -- 账户编码 account_alias, -- 最新余额 currency_code, -- 币种 status_code, -- 状态 tenant_id -- 租户ID from hscs_hspm.hspm_bank_accounts -- 银行账户表 where tenant_id = '10020' -- 租户",
3.营业收入,3.3数据溯源,16,1,ad_single_user_roi_brand_income,select * from ad_single_user_roi_brand_income,
3.营业收入,3.3数据溯源,16,2,ad.ad_contract_daily_income,"SELECT from_unixtime(DATE,'%Y-%m-%d') AS datestr,project_name AS advertiser_name,CASE WHEN platform='1' THEN 'ANDROID' WHEN platform='2' THEN 'IOS' WHEN platform='4' THEN 'IPAD' ELSE '其他' END platform,position,position_id,partner,IF (adverting_type='联盟' OR project_name IN ('华为联盟','oppo联盟','游可赢','vivo联盟'),alliance_ad_show,ad_show) AS ad_show,IF (adverting_type='联盟' OR project_name IN ('华为联盟','oppo联盟','游可赢','vivo联盟'),alliance_ad_click,ad_click) AS ad_click,daily_income,IF (adverting_type='联盟' OR project_name IN ('华为联盟','oppo联盟','游可赢','vivo联盟'),alliance_ad_click,ad_click)/IF (adverting_type='联盟' OR project_name IN ('华为联盟','oppo联盟','游可赢','vivo联盟'),alliance_ad_show,ad_show) AS ctr,round((daily_income)/IF (adverting_type='联盟' OR project_name IN ('华为联盟','oppo联盟','游可赢','vivo联盟'),alliance_ad_show,ad_show)*1000,2) AS ecmp,adverting_type,IF (length(channel)> 0,channel,CASE WHEN platform='1' THEN 'ANDROID' WHEN platform='2' THEN 'IOS' WHEN platform='4' THEN 'IPAD' ELSE '其他' END) AS channel,CASE WHEN operator='1' THEN 'Moji' WHEN operator='2' THEN 'TopOn' END operator,CAST(daily_income/1.06 AS DECIMAL (10,2)) AS price_after_tax,round(CAST(daily_income/1.06 AS DECIMAL (10,2))/IF (adverting_type='联盟' OR project_name IN ('华为联盟','oppo联盟','游可赢','vivo联盟'),alliance_ad_show,ad_show)*1000,1) AS price_after_ecmp,rebate_ratio FROM ad.ad_contract_daily_income WHERE from_unixtime(DATE,'%Y-%m-%d')>='2020-01-01' ORDER BY datestr",
3.营业收入,3.3数据溯源,16,3,iscs_hsbm.hsar_settle_orders iscs_hsbm.hsar_settle_order_lines,"SELECT DATE_FORMAT(h.accounting_date,'%Y-%m') AS stats_ym,-- 月份 h.var_value1,-- 类型 h.var_value2 AS var_ym,-- 调整对象月份 h.var_value4,-- 合作方 l.product_name,-- 投放类型 SUM(IF (h.var_value3='N',l.input_amount,0))+SUM(IF (h.var_value3='Y',l.input_amount,0)) amount,-- 本月收入 SUM(IF (h.var_value3='N',l.settle_amount,0)) settle_amount,-- 实结收入含税 SUM(IF (h.var_value3='N',l.input_amount,0)) input_amount,-- 实结收入不含税 SUM(IF (h.var_value3='N',l.tax_amount,0)) tax_amount-- 实结收税额 FROM iscs_hsbm.hsar_settle_orders h JOIN iscs_hsbm.hsar_settle_order_lines l ON h.settle_order_id=l.settle_order_id LEFT JOIN hscs_hspm.hspm_party_merchant m ON h.merchant_number=m.merchant_number WHERE h.tenant_id='10020'-- 租户 AND h.business_type_code='BT02-1' AND h.accounting_status !='UN' AND h.document_status='APPROVED' AND h.accounting_date>='2024-11-01' AND l.product_name !='品牌RTB'-- AND DATE_FORMAT(h.accounting_date,'%Y-%m') = '2025-09' GROUP BY DATE_FORMAT(h.accounting_date,'%Y-%m'),h.var_value1,h.var_value2,h.var_value4,l.product_name",
4.营业收入-广告,4.3数据溯源,23,1,rpt.rpt_brand_year_data_day,SELECT * FROM hive.rpt.rpt_brand_year_data_day,
4.营业收入-广告,4.3数据溯源,23,2,mojicom.ad_advertiser_req_fill_data mojicom.ad_feed_inventory_dat mojicom.adclick_adid_data,"SELECT a1.stat_date,a1.position_id,CASE WHEN a1.platform='1' THEN 'Android' WHEN a1.platform='2' THEN 'iPhone' END platform,a2.ad_pv,-- 库存总数 a2.effective_pv,-- 库存可售卖数 a1.pv pv,-- 请求量 a1.fill_pv,-- 广告主填充量 a3.revenue,a3.sw_pv,-- 曝光量 a3.ck_pv-- 点击量 FROM ( SELECT stat_date,platform,position_id,sum(pv) AS pv,-- 请求量 sum(fill_pv) AS fill_pv-- 广告主填充量 FROM mojicom.ad_advertiser_req_fill_data WHERE (stat_type='adv' OR ad_type=2 OR ad_type=3)-- and position_id in ('1','1004','4021', '4022','310','306','4023') GROUP BY stat_date,platform,position_id) a1 LEFT JOIN ( SELECT stat_date,platform,position_id,sum(ad_pv) AS ad_pv,-- 库存总数 sum(effective_pv) AS effective_pv-- 库存可售卖数 FROM mojicom.ad_feed_inventory_data-- where position_id in ('1','1004','4021', '4022','310','306','4023') GROUP BY stat_date,platform,position_id) a2 ON a1.stat_date=a2.stat_date AND a1.platform=a2.platform AND a1.position_id=a2.position_id LEFT JOIN ( SELECT stat_date,platform,position_id,sum(revenue) revenue,-- 收入 sum(sw_pv) AS sw_pv,-- 曝光量 sum(ck_pv) AS ck_pv-- 点击量 FROM mojicom.adclick_adid_data-- where position_id in ('1','1004','4021', '4022','310','306','4023') GROUP BY stat_date,platform,position_id) a3 ON a1.stat_date=a3.stat_date AND a1.platform=a3.platform AND a1.position_id=a3.position_id",
4.营业收入-广告,4.3数据溯源,23,3,ods.ods_ad_positions,"SELECT * FROM hive.ods.ods_ad_positions where stat_date = date_sub(current_date(), 1) AND position_id in ('1','1004','4021', '4022','310','306','4023')",
4.营业收入-广告,4.3数据溯源,23,4,rpt.rpt_splash_stock_data,"select stat_date, sum(ad_stock_pv) as ad_stock_pv from hive.rpt.rpt_splash_stock_data GROUP by stat_date",
4.营业收入-广告,4.3数据溯源,23,5,odm_umeng_all_threeends,"select date, case when platform = 'AndroidLite' then 'Android' else platform end platform, sum(start_num) as start_num, sum(act_num)as dau from umeng_all where platform in ('Android','iPhone','AndroidLite') and date>='2020-01-01' group by date,case when platform = 'AndroidLite' then 'Android' else platform end",
5.营业收入-会员,5.3数据溯源,28,1,【会员分入口漏斗数据】 da_moji.nyt_vip_entrance_funnel_1d,"SELECT t1.*,IF (t1.VALUE='all','全部',t2.NAME) AS NAME,t2.info FROM (SELECT stat_date,platform,KEY,VALUE,pv_1d,uv_1d FROM da_moji.nyt_vip_entrance_funnel_1d WHERE VALUE IS NOT NULL AND stat_date>='2023-01-01' AND VALUE NOT IN ('52','36','34','20','24','50','7','28') AND KEY NOT IN ('payment_nums','buy_vip') UNION ALL SELECT stat_date,platform,'payment_nums' AS KEY,channel_id AS VALUE,sum(order_sale) AS pv_1d,sum(order_num) AS uv_1d FROM dm.dm_user_member_type_i_d WHERE stat_date>='2023-01-01' GROUP BY stat_date,platform,channel_id UNION ALL SELECT stat_date,platform,'payment_nums' AS KEY,'all' AS VALUE,sum(order_sale) AS pv_1d,sum(order_num) AS uv_1d FROM dm.dm_user_member_type_i_d WHERE stat_date>='2023-01-01' GROUP BY stat_date,platform UNION ALL SELECT t1.stat_date,t1.platform,t2.KEY,t1.VALUE,t2.pv_1d,t2.uv_1d FROM (SELECT stat_date,platform,VALUE FROM da_moji.nyt_vip_entrance_funnel_1d WHERE VALUE NOT IN ('52','36','34','20','24','50','7','28') AND stat_date>='2023-01-01' AND KEY NOT IN ('payment_nums','buy_vip') GROUP BY stat_date,platform,VALUE) t1 LEFT JOIN (SELECT stat_date,IF (pkg='com.moji.mjweather','android','iphone') platform,'dau' KEY,app_start_cnt_1d_noback pv_1d,app_aty_user_cnt_1d_noback uv_1d FROM dw.dw_flow_app_pkg_1d_d WHERE pkg IN ('com.moji.mjweather','com.moji.mojiweather') AND stat_date>='2023-01-01') t2 ON t1.stat_date=t2.stat_date AND t1.platform=t2.platform) AS t1 LEFT JOIN (SELECT channel,NAME,info FROM ods.ods_hd_member_delivery_channel WHERE channel NOT IN ('52','36','34','20','24','50','7','28') GROUP BY channel,NAME,info) AS t2 ON t1.VALUE=t2.channel LIMIT 99999999",
5.营业收入-会员,5.3数据溯源,28,2,会员指标明细数据 取最新的日期快照 select max(stat_date) from hive.dw.dw_user_member_detail_a_d,"SELECT case when platform = 'iPhone' then 'iPhone' else 'Android' end platform, case when vip_card_type in ('月卡', '季卡', '年卡') then vip_card_type end as vip_card_type, case when vip_is_new in ('新会员召回', '新会员纯新') then '新会员' else '老会员' end as vip_is_new, '会员流水' as vip, LEFT (create_time, 10) AS pay_time, -- 创建时间 COUNT(oid) AS oid, -- 订单编码 SUM(pay_amt) AS pay_amt -- 会员流水 FROM hive.dw.dw_user_member_detail_a_d where vip_card_type in ('月卡', '季卡', '年卡') and order_status in ('有效订单', '退款订单') and stat_date = ( select max(stat_date) from hive.dw.dw_user_member_detail_a_d ) -- 取最新的日期快照 GROUP BY platform, LEFT (create_time, 10), vip_card_type, vip_is_new",
6.营业收入-国际化广告,6.3数据溯源,34,1,odm.odm_ad_mediation_report_i_d,,"select dt,-- 时间 platform,-- 平台 advertising_alliance_id,-- 广告联盟ID placement_id,-- 投放ID area,-- 地区 revenue ,-- 广告收入 ad_impressions,--广告展示次数 ad_clicks-- 广告点击次数 from odm.odm_ad_mediation_report_i_d where advertising_alliance_id in('topon','admob')"
6.营业收入-国际化广告,6.3数据溯源,34,2,sdm.sdm_ad_stock_1d_d,,"select dt stat_date, platform, country, ad_position, uid_tail2, sum(total_pv) total_pv,-- 库存总数 sum(effective_pv) effective_pv-- 有效库存 from sdm.sdm_ad_stock_1d_d group by dt, platform, country, ad_position, uid_tail2"
6.营业收入-国际化广告,6.3数据溯源,34,3,sdm.sdm_ad_homepage_vst_i_d,,"select dt stat_date, platform, advertising_alliance, register_country, sum(ad_dau) ad_dau from sdm.sdm_ad_homepage_vst_i_d WHERE dt <= '2025-12-20' GROUP by dt, platform, register_country, advertising_alliance"
6.营业收入-国际化广告,6.3数据溯源,34,4,idm.idm_ad_homepage_vst_i_d idm.idm_user_register_a_d,,"select a.dt stat_date, a.platform, if(b.country is null,'other',b.country) as country, substr(a.uid,-2) as uid_range, count(distinct a.uid) as uv FROM (select * FROM idm.idm_ad_homepage_vst_i_d where dt>='2025-02-01') a join (select uid,country from idm.idm_user_register_a_d where dt=date_format(date_sub(from_utc_timestamp(current_timestamp(), 'Asia/Shanghai'), 1),'yyyy-MM-dd') group by uid,country) b on a.uid=b.uid group by a.dt, a.platform, if(b.country is null,'other',b.country),substr(a.uid,-2)"
7.营业收入-国际化会员,7.3数据溯源,39,1,member_order,"select *,FROM_UNIXTIME(create_time/1000, '%Y-%m-%d %H:%i:%s') as create_time_new from member_order where is_sandbox<>'1'",
7.营业收入-国际化会员,7.3数据溯源,39,2,member_price,"select * , case when concat(cycle_type, '_', cycle_value) = '1_1' then '月卡' when concat(cycle_type, '_', cycle_value) = '1_3' then '季卡' when concat(cycle_type, '_', cycle_value) = '1_6' then '半年卡' when concat(cycle_type, '_', cycle_value) in ('1_12', '2_1', '2_2', '2_3') then '年卡' else '终身' end as cycle_type_new from member_price",
7.营业收入-国际化会员,7.3数据溯源,39,3,idm_user_register_a_d,"select uid,country,reg_time from idm.idm_user_register_a_d where dt = date_format(date_sub(from_utc_timestamp(current_timestamp(), 'Asia/Shanghai'), 1),'yyyy-MM-dd')",
7.营业收入-国际化会员,7.3数据溯源,39,4,stg_google_order_s_d,"select s1.buyer_address_buyer_country, s1.buyer_address_buyer_postcode, s1.create_time, s1.developer_revenue_in_buyer_currency, s1.last_event_time, s1.line_items, s1.order_details, s1.order_history, s1.order_id, s1.points_details, s1.purchase_token, s1.state, s1.tax_currency_code, s1.tax_nanos, s1.tax_units, s1.total_currency_code, s1.total_nanos, s1.total_units, s1.dt, s2.country_ab, case when s2.country_name_en = 'Taiwan' then 'TW' when s2.country_name_en = 'Hong Kong' then 'HK' else s2.country_name_en end country_name_en, s2.country_name_cn from stg.stg_google_order_s_d s1 left join ( select country_ab,country_name_en,country_name_cn from dim.dim_country_info group by country_ab,country_name_en,country_name_cn ) s2 on s1.buyer_address_buyer_country = s2.country_ab where s1.dt = date_sub(CURRENT_DATE, 1)",
7.营业收入-国际化会员,7.3数据溯源,39,5,odm_bury_i_min,"select dt,if(b.uid is null,""正常订单"",""内部订单"") as moji_tag ,if(lower(platform)='ios','iphone','android') as platform ,lower(os_region) as os_region ,count(distinct (case when key ='intapp_main_entry_from' then a.uid end)) as vip_dau ,count(distinct (case when key ='intapp_main_shorttime_map_sw' then a.uid end)) as vip_shorter_map_sw_uv ,count(distinct (case when key ='intapp_vip_48hr_subscription_page_sw' and value = '1'then a.uid end)) as vip_shorter_sub_sw_uv ,count(distinct (case when key ='intapp_vip_48hr_subscription_page_ck' and value = '1'then a.uid end)) as vip_shorter_sub_ck_uv ,count(distinct (case when key ='intapp_vip_subscription_purchase_success' and value in ( '98' ,'97' ,'96' ,'95' ,'1020','1022','1021','1023') then a.uid end)) as vip_buy_uv from (select * from odm.odm_bury_i_min where dt >='2025-03-10' and dt <=date_format(date_sub(from_utc_timestamp(current_timestamp(), 'Asia/Shanghai'), 1),'yyyy-MM-dd') and key in ('intapp_main_entry_from','intapp_main_homepage_sw','intapp_vip_48hr_subscription_page_sw','intapp_vip_48hr_subscription_page_ck' ,'intapp_vip_subscription_purchase_success','intapp_main_shorttime_map_sw') and ((pkg ='com.moweather.weather' and platform ='ios') or (pkg ='com.weather.mjweather' and platform ='android')) and pkg_status='release' and cast(uid as bigint)>0) a left join (select DISTINCT uid from dim.dim_beta_uid_a) b on a.uid=b.uid group by dt,if(lower(platform)='ios','iphone','android') ,lower(os_region),if(b.uid is null,""正常订单"",""内部订单"")",
7.营业收入-国际化会员,7.3数据溯源,39,6,nyt_intapp_vip_funnel_onboarding_1d_d,Select * from hive.da_moji.nyt_intapp_vip_funnel_onboarding_1d_d,
7.营业收入-国际化会员,7.3数据溯源,39,7,exchange_rates,Select * from intl-msc.exchange_rates,
7.营业收入-国际化会员,7.3数据溯源,39,8,sdm_app_act_1d_d,"select aa.*,t1.new_cnt_uv ,t4.dau,t2.cnt_pv from( SELECT dt,platform ,if((rpt_name <>'' and rpt_name is not null ),rpt_name,'other') as rpt_name FROM sdm.sdm_app_act_1d_d as a where rpt_key <>'total' and ((pkg ='com.moweather.weather' and platform ='iphone') or (pkg ='com.weather.mjweather' and platform ='android')) group by dt,platform ,if((rpt_name <>'' and rpt_name is not null ),rpt_name,'other') ) as aa left join( SELECT dt,platform ,if((rpt_name <>'' and rpt_name is not null ),rpt_name,'other') as rpt_name ,cnt_uv as new_cnt_uv FROM sdm.sdm_app_act_1d_d as a where rpt_key <>'total' and ((pkg ='com.moweather.weather' and platform ='iphone') or (pkg ='com.weather.mjweather' and platform ='android')) and rpt_type ='register' ) as t1 on aa.dt = t1.dt and aa.platform = t1.platform and aa.rpt_name = t1.rpt_name left join( SELECT dt,platform ,if((rpt_name <>'' and rpt_name is not null ),rpt_name,'other')as rpt_name ,cnt_uv as dau ,cnt_pv as cnt_pv FROM sdm.sdm_app_act_1d_d as a where rpt_key <>'total' and ((pkg ='com.moweather.weather' and platform ='iphone') or (pkg ='com.weather.mjweather' and platform ='android')) and rpt_type ='active' ) as t2 on aa.dt = t2.dt and aa.platform = t2.platform and aa.rpt_name = t2.rpt_name left join( SELECT dt,platform ,if((rpt_name <>'' and rpt_name is not null ),rpt_name,'other')as rpt_name ,cnt_uv as dau ,cnt_pv as cnt_pv FROM sdm.sdm_app_act_1d_d as a where rpt_key <>'total' and ((pkg ='com.moweather.weather' and platform ='iphone') or (pkg ='com.weather.mjweather' and platform ='android')) and rpt_type ='active_homepage' ) as t3 on aa.dt = t3.dt and aa.platform = t3.platform and aa.rpt_name = t3.rpt_name left join( SELECT dt,platform ,if((rpt_name <>'' and rpt_name is not null ),rpt_name,'other')as rpt_name ,cnt_uv as dau ,cnt_pv as cnt_pv FROM sdm.sdm_app_act_1d_d as a where rpt_key <>'total' and ((pkg ='com.moweather.weather' and platform ='iphone') or (pkg ='com.weather.mjweather' and platform ='android')) and rpt_type ='active_homepage_register_country' ) as t4 on aa.dt = t4.dt and aa.platform = t4.platform and aa.rpt_name = t4.rpt_name",
8.净利润,8.3数据溯源,45,1,会员收入：会员日分摊汇总报表+会员补录入账数据报表,"/*会员日分摊汇总报表*/ SELECT h.comments 渠道,h.transaction_date 分摊日期,SUM(IF ((h.accounting_date>='2025-04-01' OR h.accounting_date<='2025-01-31'),h.settle_amount,h.hsettle_amount))*IF (h.comments='IOS' AND h.accounting_date>='2025-05-01',1-0.24,1)/IF ((h.accounting_date>='2025-04-01' OR h.accounting_date<='2025-01-31'),1.06,1) 分摊金额 FROM iscs_hsbm.hsar_settle_orders h WHERE 1=1 AND h.document_status='APPROVED' AND h.business_type_code='BT01-1' AND h.generation_method='RP' AND h.accounting_status='UN' AND h.accounting_date>='2025-01-31' AND h.tenant_id='10020' GROUP BY h.comments,h.transaction_date,h.currency_code ORDER BY h.comments,h.transaction_date UNION ALL/*会员补录入账数据报表*/ SELECT h.comments AS 渠道,DATE_ADD(DATE_FORMAT(h.accounting_date,'%Y-%m-01'),INTERVAL t.n DAY) AS 分摊日期,(CASE WHEN DATE_ADD(DATE_FORMAT(h.accounting_date,'%Y-%m-01'),INTERVAL t.n DAY)=LAST_DAY(h.accounting_date) THEN h.settle_amount-ROUND(h.settle_amount/DAY (LAST_DAY(h.accounting_date)),2)*(DAY (LAST_DAY(h.accounting_date))-1) ELSE ROUND(h.settle_amount/DAY (LAST_DAY(h.accounting_date)),2) END)/1.06 AS 分摊金额 FROM iscs_hsbm.hsar_settle_orders h JOIN ( SELECT 0 AS n UNION ALL SELECT 1 UNION ALL SELECT 2 UNION ALL SELECT 3 UNION ALL SELECT 4 UNION ALL SELECT 5 UNION ALL SELECT 6 UNION ALL SELECT 7 UNION ALL SELECT 8 UNION ALL SELECT 9 UNION ALL SELECT 10 UNION ALL SELECT 11 UNION ALL SELECT 12 UNION ALL SELECT 13 UNION ALL SELECT 14 UNION ALL SELECT 15 UNION ALL SELECT 16 UNION ALL SELECT 17 UNION ALL SELECT 18 UNION ALL SELECT 19 UNION ALL SELECT 20 UNION ALL SELECT 21 UNION ALL SELECT 22 UNION ALL SELECT 23 UNION ALL SELECT 24 UNION ALL SELECT 25 UNION ALL SELECT 26 UNION ALL SELECT 27 UNION ALL SELECT 28 UNION ALL SELECT 29 UNION ALL SELECT 30) t ON t.n< DAY (last_day(h.accounting_date)) WHERE 1=1 AND h.document_status='APPROVED' AND h.business_type_code IN ('BT01-1','BT01-3') AND h.generation_method='ITF' AND h.accounting_date>='2025-01-01' AND h.accounting_status !='UN' AND h.tenant_id='10020' ORDER BY h.accounting_date,h.comments,DATE_ADD(DATE_FORMAT(h.accounting_date,'%Y-%m-01'),INTERVAL t.n DAY)",
8.净利润,8.3数据溯源,45,2,日收入数据详情表,"select from_unixtime(date,'%y-%m-%d') as datestr,-- 日期 project_name as advertiser_name,-- 广告主 partner,-- 合作伙伴 case when platform='1' then 'android' when platform='2' then 'ios' when platform='4' then 'ipad' else '其他' end platform,-- 平台 position,-- 广告位 position_id,-- 广告位id if (adverting_type='联盟' or project_name in ('华为联盟','oppo联盟','游可赢','vivo联盟'),alliance_ad_show,ad_show) as ad_show,-- 曝光 if (adverting_type='联盟' or project_name in ('华为联盟','oppo联盟','游可赢','vivo联盟'),alliance_ad_click,ad_click) as ad_click,-- 点击 daily_income,-- 消耗 if (adverting_type='联盟' or project_name in ('华为联盟','oppo联盟','游可赢','vivo联盟'),alliance_ad_click,ad_click)/if (adverting_type='联盟' or project_name in ('华为联盟','oppo联盟','游可赢','vivo联盟'),alliance_ad_show,ad_show) as ctr,-- crt round((daily_income)/if (adverting_type='联盟' or project_name in ('华为联盟','oppo联盟','游可赢','vivo联盟'),alliance_ad_show,ad_show)*1000,2) as ecmp,-- ecpm adverting_type,-- 广告主类型 if (length(channel)> 0,channel,case when platform='1' then 'android' when platform='2' then 'ios' when platform='4' then 'ipad' else '其他' end) as channel,-- 渠道 case when operator='1' then 'moji' when operator='2' then 'topon' end operator,-- 运营商 cast(daily_income/1.06 as decimal (10,2)) as price_after_tax,-- 税后收入 round(cast(daily_income/1.06 as decimal (10,2))/if (adverting_type='联盟' or project_name in ('华为联盟','oppo联盟','游可赢','vivo联盟'),alliance_ad_show,ad_show)*1000,1) as price_after_ecmp,-- 税后单价 rebate_ratio-- 返点比例 from ad.ad_contract_daily_income where from_unixtime(date,'%y-%m-%d')>='2020-01-01' order by datestr",
8.净利润,8.3数据溯源,45,3,效果收入,"select datestr as stat_date, '效果' projectclass,-- 项目 advertiser_name,-- 广告主 partner as customer, -- 合作伙伴(最终客户) sum(case when advertiser_name = '拼多多-效果' then price_after_tax * 0.7 when advertiser_name = '旺脉' and datestr <= '2024-12-31' then price_after_tax * 0.95 when advertiser_name = '阿里汇川-效果' then price_after_tax * 0.85 else price_after_tax end ) amout -- 金额 from 日收入数据详情表 where channel != 'Android（极速版）' and datestr >= '2024-01-01' and advertiser_name not in ('京准通', '阿里TanX', '阿里汇川-效果', '阿里启航-正式', '拼多多-效果') GROUP BY datestr , advertiser_name, partner",
8.净利润,8.3数据溯源,45,4,效果极速版收入,"SELECT STR_TO_DATE( datestr, '%Y-%m-%d' ) AS stat_date, advertiser_name,-- 广告主 partner,-- 合作伙伴 sum( price_after_tax ) amout FROM 日收入数据详情表 WHERE datestr >= '2024-11-22' AND channel = 'Android（极速版）' GROUP BY datestr, advertiser_name, partner",
8.净利润,8.3数据溯源,45,5,品牌收入：品牌RTB,"select datestr as stat_date, -- 日期 '品牌RTB' projectclass,-- 项目 advertiser_name,-- 广告主 partner as customer, -- 最终客户 sum((daily_income - (daily_income * rebate_ratio / 100)) / 1.06 ) amout -- 自营效果收入 from 日收入数据详情表 where datestr >= '2020-01-01' AND adverting_type = '品牌RTB' GROUP BY datestr, advertiser_name, partner",
8.净利润,8.3数据溯源,45,5,品牌收入：广告后台实际营收(无余量),"select DATE_FORMAT(STR_TO_DATE(date_day, '%Y%m%d'), '%Y-%m-%d') stat_date, -- 年份月份 custom as customer , -- 最终客户 sum(revenue_m) amout -- 后台实际营收(无余量) from mojicom.ad_single_user_roi_brand_income -- 【广告后台】mysql-mojicom-mojiro,单用户roi品牌营收数据表 group by date_day,custom",
8.净利润,8.3数据溯源,45,6,推广费-国内 【日报】日汇总表,-- 2024-01-01开始有数据 select * from hive.ods.ods_channel_consumption_summary_report_d where stat_date = ( select max(stat_date) hivedate -- 最新的日期分区 from hive.ods.ods_channel_consumption_summary_report_d ) -- 2024-01-01开始有数据 select * from hive.ods.ods_channel_consumption_summary_report_d where stat_date = ( select max(stat_date) hivedate -- 最新的日期分区 from hive.ods.ods_channel_consumption_summary_report_d ),
8.净利润,8.3数据溯源,45,7,推广费-国际,"select install_day as stat_date, -- 日期 sum(cost) cost -- 消耗 from stg.stg_appflyer_master_agg_retention -- 国际留存汇总数据 where install_day >= '2025-10-21' GROUP BY install_day",
8.净利润,8.3数据溯源,45,8,外包效果分广告位明细 【主板-效果日报-明细】,"SELECT datestr,-- 日期 CASE WHEN position_id='1' THEN '二级splash' WHEN position_id='310' THEN '15日预报上方' WHEN position_id='1004' THEN '每日详情中部' WHEN position_id='306' THEN '天气首页中部' WHEN position_id='307' THEN '天气首页底部' ELSE '其他' END position,-- 广告位 sum(ad_show) ad_show,-- 曝光 sum(ad_click) ad_click,-- 点击 sum(price_after_tax) amout,-- 税后收入 CASE WHEN sum(ad_show)=0 THEN 0 ELSE sum(ad_click)/sum(ad_show) END ctr,-- CTR CASE WHEN sum(ad_show)=0 THEN 0 ELSE sum(price_after_tax)/sum(ad_show)*1000 END price_after_ecmp-- 税后单价 FROM 日收入数据详情表 WHERE adverting_type IN ('联盟','第三方DSP','直投','Android','iPhone','Android(万年历)','ios(万年历)')-- 广告主类型 AND position_id IN ('1','310','1004','306','307')-- 广告位id AND datestr>='2024-01-01' GROUP BY datestr,position_id",
8.净利润,8.3数据溯源,45,9,主板-效果-打开,"select `date`, sum(start_num) start_num,-- 打开频次 sum(act_num) act_num -- dau from tblu.umeng_all where platform in ('Android','iPhone','AndroidLite') -- 平台 group by `date`",
8.净利润,8.3数据溯源,45,10,外包效果-汇总 【主板-效果收入】,"SELECT a.datestr,-- 日期 b.start_num,-- 打开频次 b.act_num,-- dau a.ad_show,-- 曝光 a.ad_click,-- 点击 a.amout,-- 效果收入 a.ctr,-- CTR a.ecmp-- 税后单价(ecpm) FROM (SELECT datestr,sum(ad_show) ad_show,-- 曝光 sum(ad_click) ad_click,-- 点击 sum(amout) amout,-- 效果收入 CASE WHEN sum(ad_show)=0 THEN 0 ELSE sum(ad_click)/sum(ad_show) END ctr,-- CTR CASE WHEN sum(ad_show)=0 THEN 0 ELSE sum(amout)/sum(ad_show)*1000 END ecmp-- 税后单价(ecpm) FROM (SELECT datestr,-- 日期 advertiser_name,-- 广告主 ad_show,-- 曝光 ad_click,-- 点击 adverting_type,-- 广告主类型 channel,-- 渠道 price_after_tax,-- 税后收入 price_after_ecmp,-- 税后单价 rebate_ratio,-- 返点比例 CASE WHEN advertiser_name='拼多多-效果' THEN price_after_tax*0.7 WHEN advertiser_name='旺脉' AND datestr<='2024-12-31' THEN price_after_tax*0.95 WHEN advertiser_name='阿里汇川-效果' THEN price_after_tax*0.85 ELSE price_after_tax END amout-- 效果收入 -- case when advertiser_name in ('京准通', '阿里TanX', '阿里汇川-效果', '阿里启航-正式', '拼多多-效果') then '效果自营' -- else '效果外包' end department -- 部门 FROM finebi_dashboard.odm_ad_contract_daily_income-- 日收入数据详情表 WHERE datestr>='2024-01-01' AND advertiser_name NOT IN ('京准通','阿里TanX','阿里汇川-效果','阿里启航-正式','拼多多-效果')) tt GROUP BY datestr) a LEFT JOIN 主板-效果-打开 b ON a.datestr=b.`date`",
8.净利润,8.3数据溯源,45,11,会员订单结构表,"select `create_time`, -- 创建时间 `currency`, -- 币种 `real_price`, -- 实际支付金额(跟币种) `status` ,-- 订单状态 0-支付失败 1-客户端支付成功状态，-1表示取消支付，-2标识服务端校验失败，2-服务端支付成功状态，3-未支付，9 部分退款 10 退款 `sns_id` , `uid` ,-- 设备id `goods_id`, -- 商品id `is_sandbox` -- 是否是沙盒账号 from `intl-mcs`.`member_order` -- 会员订单结构表",
8.净利润,8.3数据溯源,45,12,国际会员币种汇率,"select `id`, `currency`, `rate` from `intl-mcs`.`exchange_rates`",
8.净利润,8.3数据溯源,45,13,会员商品信息,"select * , case when concat(cycle_type, '_', cycle_value) = '1_1' then '月卡' when concat(cycle_type, '_', cycle_value) = '1_3' then '季卡' when concat(cycle_type, '_', cycle_value) = '1_6' then '半年卡' when concat(cycle_type, '_', cycle_value)= '0_7' then '周卡' when concat(cycle_type, '_', cycle_value) in ('1_12', '2_1', '2_2', '2_3') then '年卡' else '终身' end as cycle_type_new from `intl-mcs`.`member_price`",
8.净利润,8.3数据溯源,45,14,损益明细凭证数据,"select stats_yyyymm,-- 年月 account_type_l1 as projectclass,-- 项目分类 hs_account_type_l2 as project,-- 项目 account_type_l3 as item,-- 明细项 department_segment_name as department,-- 部门 sum(amount) amount ,-- 金额 ebs_account_code, -- 科目编码 ebs_account_name -- 科目名称 from bidm.viz_dm_hs_pl_voucher_dtl -- 损益明细凭证数据 where stats_yyyymm>='2023-01' group by stats_yyyymm,account_type_l1,hs_account_type_l2, account_type_l3,department_segment_name,ebs_account_code, ebs_account_name",
8.净利润,8.3数据溯源,45,15,【会员分维度数据订单数据】,"SELECT stat_date,'平台' AS `类别`,platform AS `子类别`,sum(mbr_crt_ord_cnt_1d) `会员订单数`,sum(mbr_crt_ord_amt_1d) `会员订单金额`,sum(mbr_crt_ord_cnt_1d_serv_pay_succ) `会员订单数(支付成功)` FROM dm.dm_user_mbr_ord_d WHERE stat_date>='2021-01-01' GROUP BY stat_date,platform UNION ALL SELECT stat_date,'会员类型' AS `类别`,mbr_type AS `子类别`,sum(mbr_crt_ord_cnt_1d) `会员订单数`,sum(mbr_crt_ord_amt_1d) `会员订单金额`,sum(mbr_crt_ord_cnt_1d_serv_pay_succ) `会员订单数(支付成功)` FROM dm.dm_user_mbr_ord_d WHERE stat_date>='2021-01-01' GROUP BY stat_date,mbr_type UNION ALL SELECT stat_date,'来源类型' AS `类别`,src_type AS `子类别`,sum(mbr_crt_ord_cnt_1d) `会员订单数`,sum(mbr_crt_ord_amt_1d) `会员订单金额`,sum(mbr_crt_ord_cnt_1d_serv_pay_succ) `会员订单数(支付成功)` FROM dm.dm_user_mbr_ord_d WHERE stat_date>='2021-01-01' GROUP BY stat_date,src_type UNION ALL SELECT stat_date,'订单状态' AS `类别`,add_t.type AS `子类别`,sum(add_t.num) `会员订单数`,'null' AS `会员订单金额`,'null' AS `会员订单数(支付成功)` FROM (SELECT*FROM dm.dm_user_mbr_ord_d WHERE stat_date>='2021-01-01') lateral VIEW explode (str_to_map (concat('客户端支付成功会员订单数=',mbr_crt_ord_cnt_1d_cli_pay_succ,'&服务端支付成功会员订单数=',mbr_crt_ord_cnt_1d_serv_pay_succ,'&支付失败会员订单数=',mbr_crt_ord_cnt_1d_serv_pay_fail,'&未支付会员订单数=',mbr_crt_ord_cnt_1d_unpaid,'&取消支付会员订单数=',mbr_crt_ord_cnt_1d_pay_cls),'&','=')) add_t AS type,num GROUP BY stat_date,add_t.type UNION ALL SELECT stat_date,'支付方式' AS `类别`,add_t.type AS `子类别`,'null' AS `会员订单数`,sum(add_t.num) AS `会员订单金额`,'null' AS `会员订单数(支付成功)` FROM (SELECT*FROM dm.dm_user_mbr_ord_d WHERE stat_date>='2021-01-01') lateral VIEW explode (str_to_map (concat('支付宝支付会员订单金额=',mbr_crt_ord_amt_1d_alipay,'&微信支付会员订单金额=',mbr_crt_ord_amt_1d_wechat,'&苹果支付会员订单金额=',mbr_crt_ord_amt_1d_apple),'&','=')) add_t AS type,num GROUP BY stat_date,add_t.type UNION ALL SELECT stat_date,'支付方式' AS `类别`,concat(IF (k.pay_type IS NOT NULL,k.pay_type,'all'),'_',IF (k.price_type IS NOT NULL,k.price_type,'all')) AS `子类别`,'null' AS `会员订单数`,k.ord_amt_1d AS `会员订单金额`,'null' AS `会员订单数(支付成功)` FROM da_moji.nyt_mbr_ord_paypricetype_1d k WHERE k.price_type IS NOT NULL AND stat_date>='2021-01-01' LIMIT 10000000",
8.净利润,8.3数据溯源,45,16,会员分商品订单表（财务）,"select date_format(from_unixtime(mo.create_time / 1000), 'yyyy-MM-dd') as dt,mo.pay_value ,mo.goods_id,mp.goods_name,count(1),sum(pay_value/100) from hive.ods.ods_hd_member_order mo left join hive.ods.ods_hd_member_price mp on mp.id = mo.goods_id and mo.stat_date=date_format(date_sub(current_date(), 1), 'yyyy-MM-dd') and mp.stat_date=date_format(date_sub(current_date(), 1), 'yyyy-MM-dd') where mo.create_time>1754020400000 and mo.status = 2 group by mo.pay_value ,mo.goods_id ,mp.goods_name,date_format(from_unixtime(mo.create_time / 1000), 'yyyy-MM-dd')",
9.M-ROE,9.3数据溯源,53,1,资产负债表,"SELECT period_name,-- 会计期间 template_id,-- 报表项目id report,-- 报表项目 ytd_amount-- 期末金额 -- bal_amount -- 年初金额 FROM cux.cux_gl_period_debts_iface # -- 资产负债表 WHERE company_name='墨迹全合并公司'-- 组织机构 AND report IN ('资产总计','负债合计')",
9.M-ROE,9.3数据溯源,53,2,利润表,"SELECT PERIOD_NAME,-- 会计期间 TEMPLATE_ID,-- 报表项目ID REPORT,-- 报表项目 YTD_AMOUNT,-- 本年累计金额 PTD_AMOUNT-- 本期金额 FROM CUX.CUX_FIN_TO_BUD_INCOME_ITF-- 利润表 WHERE COMPANY_NAME='墨迹全合并公司'-- 组织机构 AND REPORT IN ('四、净利润（净亏损以“-”号填列）','一、营业收入')",
10.负反馈率,10.3数据溯源,57,1,留存汇总数据：stg_appflyer_master_agg_retention,整表同步,
10.负反馈率,10.3数据溯源,57,2,国际dau：stg_appflyer_master_agg_active,整表同步,
10.负反馈率,10.3数据溯源,57,3,反馈数量表:nyt_feedback_data_monitor_final_1d,"select `date`,`all_num`,`ad_num_bf`,`fufankui_num`,`tianqi_num`,`huiyuan_num_bf`,`weather_num`,`product_num`,`it_num`,`market_num`,`op_num`,`positive_num`,`consult_num`,`suggestion_num`,`huiyuan_num_ck`,`ad_num_ck`,`null_uv`,`huiyuan_num`,`ad_num`,`brand_new_num`,`stat_date` from hive.da_moji.nyt_feedback_data_monitor_final_1d",
10.负反馈率,10.3数据溯源,57,4,友盟日新增活跃：umeng_all,整表同步,
10.负反馈率,10.3数据溯源,57,5,反馈词云图：zyx_feedback_tag_data_monitor,"select date,platform,name,total,primarytag,stat_date from hive.da_moji.zyx_feedback_tag_data_monitor where platform in ('Android主版','iPhone主版')",
10.负反馈率,10.3数据溯源,57,6,广告反馈率拆分： hive.rpt.rpt_feed_ad_word_cloud,"select stat_date, type, tag, sum(final_uv) as feed_uv from hive.rpt.rpt_feed_ad_word_cloud where tag <> 'NULL' group by stat_date, type, tag",
11.CLV,11.3数据溯源,63,1,dm.dm_user_ltv_clv_i_d 计算每日国内clv,"SELECT a.stat_date, a.pkg, a.stat_name, a.channel_name, a.click_pid, a.user_type, a.register_month, a.dau_cnt, a.consumption_d, IF(a.consumption_m = 0, a.consumption_d, a.consumption_m) AS consumption_m, a.consumption_m AS consumption_m_real, a.month_life_time, a.default_arpu, a.final_arpu, IF(a.ltv IS NULL, b.ltv, a.ltv) AS ltv, IF(a.ltv IS NULL, (b.ltv * a.dau_cnt) - a.consumption_m, a.clv) AS clv FROM ( SELECT stat_date, pkg, stat_name, channel_name, click_pid, user_type, register_month, avg(cast(dau_cnt as DECIMAL(30,20))) AS dau_cnt, avg(cast(consumption_d as DECIMAL(30,20)) / 1.06) AS consumption_d, avg(cast(consumption_m as DECIMAL(30,20))) AS consumption_m, sum(cast(month_life_time as DECIMAL(30,20))) AS month_life_time, avg(cast(default_arpu as DECIMAL(30,20))) AS default_arpu, avg(cast(final_arpu as DECIMAL(30,20))) AS final_arpu, sum(cast(ltv as DECIMAL(30,20))) AS ltv, (sum(IF(ltv IS NULL, 0, cast(ltv as DECIMAL(30,20)))) * avg(cast(dau_cnt as DECIMAL(30,20)))) - avg(cast(consumption_m as DECIMAL(30,20))) AS clv FROM hive.dm.dm_user_ltv_clv_i_d WHERE stat_date >= '2024-01-01' AND stat_type = 'pid_name' GROUP BY stat_date, pkg, stat_name, channel_name, click_pid, user_type, register_month ) a LEFT JOIN ( SELECT stat_date, pkg, user_type, register_month, avg(ltv) AS ltv FROM ( SELECT stat_date, pkg, stat_name, channel_name, click_pid, user_type, register_month, sum(cast(ltv as DECIMAL(30,20))) AS ltv FROM hive.dm.dm_user_ltv_clv_i_d WHERE stat_date >= '2024-01-01' AND stat_type = 'pid_name' AND ltv IS NOT NULL GROUP BY stat_date, pkg, stat_name, channel_name, click_pid, user_type, register_month ) t WHERE t.ltv < 20 GROUP BY stat_date, pkg, user_type, register_month ) b ON a.pkg = b.pkg AND a.user_type = b.user_type AND a.stat_date = b.stat_date",
11.CLV,11.3数据溯源,63,2,dim.dim_app_pid_info clv渠道id,"select platform ,pkg ,pid ,pid_name ,pid_name_v ,pid_classify_1 ,pid_classify_2 ,type ,pid_new_date ,stat_date from hive.dim.dim_app_pid_info where stat_date = date_sub(current_date(),1) group by platform ,pkg ,pid ,pid_name ,pid_name_v ,pid_classify_1 ,pid_classify_2 ,type ,pid_new_date ,stat_date",
11.CLV,11.3数据溯源,63,3,dm_user_register_traffic_scenario_retain_d 用户资产--单渠道新增留存,"SELECT stat_date, user_type, channel_name, sum(cast(IF(days = '0', new_user_cnt, 0) AS DOUBLE)) AS new_retain_0, sum(cast(IF(days = '1', new_user_cnt, 0) AS DOUBLE)) new_retain_1, sum(cast(IF(days = '7', new_user_cnt, 0) AS DOUBLE)) new_retain_7, sum(cast(IF(days = '14', new_user_cnt, 0) AS DOUBLE)) new_retain_14, sum(cast(IF(days = '30', new_user_cnt, 0) AS DOUBLE)) new_retain_30 FROM hive.dm.dm_user_register_traffic_scenario_retain_d WHERE cast(days AS BIGINT) IN (0, 1, 7, 14, 30) -- stat_date >= '2025-09-16' -- and stat_date <= '2025-10-26' -- and user_type != '自然新增' GROUP BY stat_date, channel_name, user_type",
11.CLV,11.3数据溯源,63,4,公共数据集：国际化ROI-v1（天） 计算每日国际clv,FineBI公共数据集同步,
11.CLV,11.3数据溯源,63,5,stg.stg_appflyer_master_agg_retention 2025-06-28之后的国际留存率,select * from stg.stg_appflyer_master_agg_retention,
11.CLV,11.3数据溯源,63,6,dim.dim_country_info 英文简称国家对应表,"select country_ab,country_name_en,country_name_cn from dim.dim_country_info group by country_ab,country_name_en,country_name_cn",
12.CLV-国内,12.3数据溯源,69,1,dm.dm_user_ltv_clv_i_d 计算每日国内clv,"SELECT a.stat_date,a.pkg,a.stat_name,a.channel_name,a.click_pid,a.user_type,a.register_month,a.dau_cnt,a.consumption_d,IF (a.consumption_m=0,a.consumption_d,a.consumption_m) AS consumption_m,a.consumption_m AS consumption_m_real,a.month_life_time,a.default_arpu,a.final_arpu,IF (a.ltv IS NULL,b.ltv,a.ltv) AS ltv,IF (a.ltv IS NULL,(b.ltv*a.dau_cnt)-a.consumption_m,a.clv) AS clv FROM ( SELECT stat_date,pkg,stat_name,channel_name,click_pid,user_type,register_month,avg(cast(dau_cnt AS DECIMAL (30,20))) AS dau_cnt,avg(cast(consumption_d AS DECIMAL (30,20))/1.06) AS consumption_d,avg(cast(consumption_m AS DECIMAL (30,20))) AS consumption_m,sum(cast(month_life_time AS DECIMAL (30,20))) AS month_life_time,avg(cast(default_arpu AS DECIMAL (30,20))) AS default_arpu,avg(cast(final_arpu AS DECIMAL (30,20))) AS final_arpu,sum(cast(ltv AS DECIMAL (30,20))) AS ltv,(sum(IF (ltv IS NULL,0,cast(ltv AS DECIMAL (30,20))))*avg(cast(dau_cnt AS DECIMAL (30,20))))-avg(cast(consumption_m AS DECIMAL (30,20))) AS clv FROM hive.dm.dm_user_ltv_clv_i_d WHERE stat_date>='2024-01-01' AND stat_type='pid_name' GROUP BY stat_date,pkg,stat_name,channel_name,click_pid,user_type,register_month) a LEFT JOIN ( SELECT stat_date,pkg,user_type,register_month,avg(ltv) AS ltv FROM ( SELECT stat_date,pkg,stat_name,channel_name,click_pid,user_type,register_month,sum(cast(ltv AS DECIMAL (30,20))) AS ltv FROM hive.dm.dm_user_ltv_clv_i_d WHERE stat_date>='2024-01-01' AND stat_type='pid_name' AND ltv IS NOT NULL GROUP BY stat_date,pkg,stat_name,channel_name,click_pid,user_type,register_month) t WHERE t.ltv< 20 GROUP BY stat_date,pkg,user_type,register_month) b ON a.pkg=b.pkg AND a.user_type=b.user_type AND a.stat_date=b.stat_date",
12.CLV-国内,12.3数据溯源,69,2,dim.dim_app_pid_info clv渠道id,"SELECT platform,pkg,pid,pid_name,pid_name_v,pid_classify_1,pid_classify_2,type,pid_new_date,stat_date FROM hive.dim.dim_app_pid_info WHERE stat_date=date_sub(CURRENT_DATE (),1) GROUP BY platform,pkg,pid,pid_name,pid_name_v,pid_classify_1,pid_classify_2,type,pid_new_date,stat_date",
12.CLV-国内,12.3数据溯源,69,3,dm_user_register_traffic_scenario_retain_d 用户资产--单渠道新增留存,"SELECT stat_date,user_type,channel_name,sum(cast(IF (days='0',new_user_cnt,0) AS DOUBLE)) AS new_retain_0,sum(cast(IF (days='1',new_user_cnt,0) AS DOUBLE)) new_retain_1,sum(cast(IF (days='7',new_user_cnt,0) AS DOUBLE)) new_retain_7,sum(cast(IF (days='14',new_user_cnt,0) AS DOUBLE)) new_retain_14,sum(cast(IF (days='30',new_user_cnt,0) AS DOUBLE)) new_retain_30 FROM hive.dm.dm_user_register_traffic_scenario_retain_d WHERE cast(days AS BIGINT) IN (0,1,7,14,30)-- stat_date >= '2025-09-16' -- and stat_date <= '2025-10-26' -- and user_type != '自然新增' GROUP BY stat_date,channel_name,user_type",
13.CLV-国际,13.3数据溯源,74,1,国际化ROI-v1（天）,整表同步,
14.DAU,14.3数据溯源,79,1,rpt.rpt_app_aty_basic_1d_d 国内日活跃用户-ios，android,"SELECT stat_date-- 日期 ,pkg-- 包名 ,type-- 子维度 ,rpt_key-- 维度类别 ,sum(app_aty_user_cnt_1d) AS app_aty_user_cnt_1d-- 活跃用户（含刷新） ,sum(app_aty_user_cnt_1d_noback) AS app_aty_user_cnt_1d_noback-- 活跃用户 ,sum(app_start_cnt_1d) AS app_start_cnt_1d-- 启动次数（含刷新） ,sum(app_start_cnt_1d_noback) AS app_start_cnt_1d_noback-- 启动次数 ,sum(app_avg_start_cnt_1d) AS app_avg_start_cnt_1d-- 平均启动次数 ,sum(app_du_1d) AS app_du_1d-- 总时长 ,sum(pv_1d_du) AS pv_1d_du-- 总时长pv ,sum(uv_1d_du) AS uv_1d_du-- 总时长uv ,sum(app_avg_uv_du_1d) AS app_avg_uv_du_1d-- 人均使用时长 ,sum(app_avg_pv_du_1d) AS app_avg_pv_du_1d-- 平均单次使用时长 ,CASE WHEN type='device_brand' THEN '设备终端' WHEN type='start_type' THEN 'APP相关' WHEN type='net_type' THEN '网络及运营商' WHEN type='os_version' THEN '设备终端' WHEN type='country' THEN '地域' WHEN type='device_model' THEN '设备终端' WHEN type='aty_classify1' THEN '渠道分析' WHEN type='ver' THEN 'APP相关' WHEN type='large_version' THEN 'APP相关' WHEN type='major_version' THEN 'APP相关' WHEN type='province' THEN '地域' WHEN type='language' THEN 'APP相关' WHEN type='mbr_status' THEN 'APP相关' WHEN type='resolution' THEN '设备终端' WHEN type='carrier' THEN '网络及运营商' WHEN type='instl_channel' THEN '渠道分析' WHEN type='aty_channel' THEN '渠道分析' WHEN type='login_status' THEN 'APP相关' WHEN type='aty_commercialize' THEN '渠道分析' WHEN type='instl_classify1' THEN '渠道分析' WHEN type='instl_commercialize' THEN '渠道分析' END type_classify-- 维度 FROM hive.rpt.rpt_app_aty_basic_1d_d WHERE stat_date>='2024-01-01' AND type='device_brand' AND pkg IN ('com.moji.mjweather','com.moji.mjweather.light','com.moji.mojiweather') GROUP BY stat_date,pkg,type,rpt_key",
14.DAU,14.3数据溯源,79,2,rpt.rpt_app_basic_1d_d 国内日活跃用户-Harmony,"select stat_date ,pkg_name as pkg ,app_new_user_cnt_1d ,app_new_user_cnt_td , app_aty_user_cnt_1d ,app_aty_user_cnt_1d_noback ,app_start_cnt_1d , app_start_cnt_1d_noback ,app_avg_start_cnt_1d ,lag(app_new_user_cnt_1d,1,null) over(PARTITION by pkg_name order by stat_date) as lag_app_new_user_cnt_1d, (app_new_user_cnt_1d-lag(app_new_user_cnt_1d,1,null) over(PARTITION by pkg_name order by stat_date))/ lag(app_new_user_cnt_1d,1,null) over(PARTITION by pkg_name order by stat_date)as app_new_user_cnt_1d_qoq ,lag(app_aty_user_cnt_1d,1,null) over(PARTITION by pkg_name order by stat_date) as lag_app_aty_user_cnt_1d, (app_aty_user_cnt_1d-lag(app_aty_user_cnt_1d,1,null) over(PARTITION by pkg_name order by stat_date))/ lag(app_aty_user_cnt_1d,1,null) over(PARTITION by pkg_name order by stat_date)as app_aty_user_cnt_1d_qoq, lag(app_aty_user_cnt_1d_noback,1,null) over(PARTITION by pkg_name order by stat_date) as lag_app_aty_user_cnt_1d_noback, (app_aty_user_cnt_1d_noback-lag(app_aty_user_cnt_1d_noback,1,null) over(PARTITION by pkg_name order by stat_date))/ lag(app_aty_user_cnt_1d_noback,1,null) over(PARTITION by pkg_name order by stat_date)as app_aty_user_cnt_1d_noback_qoq, lag(app_start_cnt_1d,1,null) over(PARTITION by pkg_name order by stat_date) as lag_app_start_cnt_1d, (app_start_cnt_1d-lag(app_start_cnt_1d,1,null) over(PARTITION by pkg_name order by stat_date))/ lag(app_start_cnt_1d,1,null) over(PARTITION by pkg_name order by stat_date)as app_start_cnt_1d_qoq, lag(app_start_cnt_1d_noback,1,null) over(PARTITION by pkg_name order by stat_date) as lag_app_start_cnt_1d_noback, (app_start_cnt_1d_noback-lag(app_start_cnt_1d_noback,1,null) over(PARTITION by pkg_name order by stat_date))/ lag(app_start_cnt_1d_noback,1,null) over(PARTITION by pkg_name order by stat_date)as app_start_cnt_1d_noback_qoq ,app_du_1d ,uv_1d_du ,pv_1d_du ,app_avg_uv_du_1d ,lag(app_avg_uv_du_1d,1,null) over(PARTITION by pkg_name order by stat_date) as lag_app_avg_uv_du_1d, (app_avg_uv_du_1d-lag(app_avg_uv_du_1d,1,null) over(PARTITION by pkg_name order by stat_date))/ lag(app_avg_uv_du_1d,1,null) over(PARTITION by pkg_name order by stat_date)as app_avg_uv_du_1d_qoq ,app_avg_pv_du_1d ,lag(app_du_1d,1,null) over(PARTITION by pkg_name order by stat_date) as lag_app_du_1d ,lag(uv_1d_du,1,null) over(PARTITION by pkg_name order by stat_date) as lag_uv_1d_du ,lag(pv_1d_du,1,null) over(PARTITION by pkg_name order by stat_date) as lag_pv_1d_du from ( select stat_date ,pkg_name ,sum(app_new_user_cnt_1d) as app_new_user_cnt_1d ,sum(app_new_user_cnt_td) as app_new_user_cnt_td ,sum(app_aty_user_cnt_1d) as app_aty_user_cnt_1d ,sum(app_aty_user_cnt_1d_noback) as app_aty_user_cnt_1d_noback ,sum(app_start_cnt_1d) as app_start_cnt_1d ,sum(app_start_cnt_1d_noback) as app_start_cnt_1d_noback ,sum(app_avg_start_cnt_1d) as app_avg_start_cnt_1d ,sum(app_du_1d) as app_du_1d ,sum(uv_1d_du) as uv_1d_du ,sum(pv_1d_du) as pv_1d_du ,sum(app_avg_uv_du_1d) as app_avg_uv_du_1d ,sum(app_avg_pv_du_1d) as app_avg_pv_du_1d from hive.rpt.rpt_app_basic_1d_d where stat_date >= '2020-01-01' group by stat_date,pkg_name ) t",
14.DAU,14.3数据溯源,79,3,sdm.sdm_app_act_1d_d 国际dau，国际人均打开次数,整表同步,
14.DAU,14.3数据溯源,79,4,dw.dw_flow_app_pkg_cm_m 国内mau,select * from hive.dw.dw_flow_app_pkg_cm_m where stat_date >= '2021-01',
14.DAU,14.3数据溯源,79,5,sdm.sdm_app_act_1m_m 国际mau,整表同步,
14.DAU,14.3数据溯源,79,6,rpt.rpt_app_aty_retain_1d_d 计算国内活跃次日留存率,"select * from ( select stat_date ,pkg_name pkg ,type ,rpt_key ,concat(days,'天后') days ,app_aty_user_cnt_1d ,aty_retain ,aty_retain_rate ,""日"" status_date from hive.rpt.rpt_app_aty_retain_1d_d where ((type = 'pkg' AND stat_date >= '2021-01-01') OR (type != 'pkg' AND stat_date >= date_sub(CURRENT_DATE(), 365) ) ) ) a1 where a1.days = '1天后' and rpt_key = 'all' AND pkg in ('墨迹天气_Android','墨迹天气_iPhone','墨迹天气_Harmony')",
14.DAU,14.3数据溯源,79,7,sdm.sdm_app_aty_retain_1d_d 计算国际活跃次日留存率,select * from sdm.sdm_app_aty_retain_1d_d where rpt_key = 'all' and days = '1',
17.业务总览-TOB,17.3数据溯源,89,1,tob销售机会,"https://api-p05.xiaoshouyi.com/rest/data/v2/query?q=${sql} limit ${offset},200",
17.业务总览-TOB,17.3数据溯源,89,2,Tob合同表,https://login.xiaoshouyi.com/auc/oauth2/token?grant_type=password&client_id=c2e63e8b5ed7cb24bc8abb0e5c9e242f&client_secret=<REDACTED>&redirect_uri=https://www.mojicb.com/&username=zhihua.tao@moji.com&password=<REDACTED>,
17.业务总览-TOB,17.3数据溯源,89,3,TOB签单表,"SELECT id,contract_num,start_date,end_date,party_site_number,receipt_dept,industry,sub_industry,salesperson,abbreviation,sources_of_leads,customer_categories,service_type,service_content,sign_date,rec_amount,rec_amount_exc_tax,amortization_month,receivable_ending_balance,invoice_amounted,invoiced_revenue,invoiced_tax_amount,uninvoiced_amount,amount_received_previous,amount_received_last_year,amount_received_ytd,uncollected_amount,total_revenue_difference,total_revenue_amount,revenue_previous_year,this_year_jan_amount,this_year_feb_amount,this_year_mar_amount,this_year_apr_amount,this_year_may_amount,this_year_jun_amount,this_year_jul_amount,this_year_aug_amount,this_year_sep_amount,this_year_oct_amount,this_year_nov_amount,this_year_dec_amount,next_year_jan_amount,next_year_feb_amount,next_year_mar_amount,next_year_apr_amount,next_year_may_amount,next_year_jun_amount,next_year_jul_amount,next_year_aug_amount,next_year_sep_amount,next_year_oct_amount,next_year_nov_amount,next_year_dec_amount,the_year_after_next_jan_amount,the_year_after_next_feb_amount,the_year_after_next_mar_amount,the_year_after_next_apr_amount,the_year_after_next_may_amount,the_year_after_next_jun_amount,the_year_after_next_jul_amount,the_year_after_next_aug_amount,the_year_after_next_sep_amount,the_year_after_next_oct_amount,the_year_after_next_nov_amount,the_year_after_next_dec_amount,tenant_id,created_by,last_updated_by,creation_date,last_update_date,object_version_number,invoice_date,substr(STR_TO_DATE(CONCAT(report_month,'-01'),'%Y-%m-%d'),1,7) report_month,contract_ar_due_date,due_date,payment_date,days_past_due FROM `iscs_irpt`.`tob_order_signing_sheet` WHERE tenant_id='10020'",
